id,popularity,vote_average,vote_count
43597,150,7.2,11800
43598,139,6.9,4500
43599,107,6.3,4466
43600,112,7.6,9106
43601,43,6.1,2124
43602,115,5.9,3576
43603,48,7.4,3330
43604,134,7.3,6767
43605,98,7.4,5293
43606,155,5.7,7004
43607,57,5.4,1400
43608,107,6.1,2965
43609,145,7,5246
43610,49,5.9,2311
43611,99,6.5,6359
43612,53,6.3,1630
43613,144,7.4,11776
43614,135,6.4,4948
43615,52,6.2,4160
43616,120,7.1,4760
43617,89,6.5,6586
43618,37,6.2,1398
43619,94,7.6,4524
43620,42,5.8,1303
43621,61,6.6,2337
43622,100,7.5,7562
43623,198,7.1,7241
43624,64,5.5,2114
43625,418,6.5,8662
43626,93,6.9,7604
43627,35,6.7,4321
43628,77,6.8,8806
43629,78,6.4,4645
43630,3,6.3,3525
43631,89,7,3528
43632,21,6,3138
43633,116,5.8,3095
43634,46,5.7,3530
43635,89,6.5,4179
43636,73,6.3,2841
43637,49,5.8,2033
43638,51,5.1,2487
43639,59,7.6,4597
43640,71,5.9,2463
43641,102,7.3,4176
43642,81,6.7,5560
43643,118,7.5,6032
43644,78,7.4,4418
43645,43,5.5,2598
43646,61,7.3,3769
43647,62,6.2,2317
43648,56,6.7,4794
43649,28,6.1,3299
43650,75,5.7,2495
43651,51,6.6,1736
43652,125,6.7,4641
43653,65,6.6,2568
43654,66,7.8,6296
43655,22,6.1,783
43656,45,5.6,4903
43657,39,6.6,1095
43658,85,5.2,2768
43659,42,5.5,2430
43660,67,6.7,2629
43661,139,6.4,4721
43662,187,8.2,12002
43663,92,7.7,6870
43664,36,6,1423
43665,120,7.4,8776
43666,32,7,2141
43667,40,5.1,1020
43668,60,5.2,1387
43669,90,5.9,7458
43670,27,5.3,1151
43671,79,7.6,4858
43672,44,5.9,992
43673,32,5.6,1962
43674,128,8,6560
43675,94,6.7,2892
43676,77,6.6,6849
43677,77,5.8,3118
43678,110,7,4496
43679,243,7.3,4410
43680,2,4.8,34
43681,41,5.9,1326
43682,72,7.6,5764
43683,44,6,1959
43684,130,6.2,2846
43685,203,7.8,6135
43686,62,7.1,4570
43687,47,6.4,1474
43688,48,4.9,2491
43689,67,7.5,4227
43690,69,5.9,2143
43691,481,7.9,9742
43692,724,8.1,10867
43693,167,8.1,13752
43695,108,7,8297
43696,6,6.6,3428
43697,60,7.3,3292
43698,3,7.1,5181
43699,127,6.6,3984
43700,35,5.8,1470
43701,21,5.5,583
43702,56,6.5,1725
43703,42,6,2278
43704,63,6.3,2268
43705,202,5.8,3631
43706,49,6.2,1514
43707,34,6.6,1791
43708,25,6.6,4040
43709,39,5.6,927
43710,78,7.4,5494
43711,101,7.5,5608
43712,56,6.2,2961
43713,70,6.9,4853
43714,53,6.7,3624
43715,65,7.5,4369
43716,115,7.5,7359
43717,44,6.2,1810
43718,81,5.9,1971
43719,5,6.2,4021
43720,73,6.4,3096
43721,165,7.3,5295
43722,70,6.7,3443
43723,99,6.8,4755
43724,434,7.2,9427
43725,67,6.5,2129
43726,86,6.6,6525
43727,41,6.3,1750
43728,26,5.1,510
43729,44,5.5,1431
43730,50,5.7,2320
43731,114,7.1,3224
43732,21,5.5,549
43733,29,5.7,1171
43734,51,6.7,1880
43735,33,4.7,1151
43736,63,6.5,2028
43737,39,6.4,1891
43738,12,5.5,199
43739,22,6,874
43740,48,5.9,954
43741,38,6.7,843
43742,66,6.9,2759
43743,44,6.4,1808
43744,54,5.8,1092
43745,66,5.3,2142
43746,58,6.4,2482
43747,91,6,3114
43748,35,5.5,841
43749,56,6.7,1603
43750,77,6.8,3972
43751,61,7.1,1922
43752,25,5.9,627
43753,52,7.3,1895
43754,101,5.6,1921
43755,73,7.4,4518
43756,82,6.8,5265
43757,100,7.6,3106
43758,56,5.3,1277
43759,17,4.9,331
43760,64,7,2811
43761,24,6.3,767
43762,34,5.3,1533
43763,59,5.4,3025
43764,21,5.7,434
43765,26,5.9,433
43766,74,6.6,7047
43767,39,6,862
43768,36,6.9,790
43769,99,6.1,2553
43770,17,5.8,373
43771,62,6.1,3021
43772,44,6,1000
43773,100,7.3,6396
43774,44,6.1,1074
43775,29,6.6,2051
43776,84,6.5,1346
43777,45,7.3,2888
43778,84,6.9,3145
43779,120,7,5880
43780,76,7.4,6495
43781,63,6.8,1519
43782,48,6.2,2322
43783,38,6.3,1564
43784,20,6.4,451
43785,48,6.2,2093
43786,46,5.6,2350
43787,89,6.7,2061
43788,79,7.7,5877
43789,28,6.3,694
43790,42,5,2532
43791,26,6.2,542
43792,115,6.1,1851
43793,68,6.7,1918
43794,109,7.5,7006
43795,39,5.4,1260
43796,271,7.5,6985
43797,206,6.6,5584
43798,45,6.5,2704
43799,42,6.3,978
43800,2,6.8,3506
43801,7,7.1,2438
43802,81,7,3886
43803,47,5.6,2233
43804,43,7.1,1710
43805,27,6.4,510
43806,90,6,2651
43807,50,4.2,1418
43808,45,6.2,1386
43809,41,6.2,2392
43810,54,5.9,1928
43811,25,6.2,597
43812,60,5.4,2589
43813,51,7.2,5797
43814,46,5.2,1712
43815,62,5.9,2341
43816,33,5.2,914
43817,68,6.3,5080
43818,27,5.4,613
43819,67,6.4,3439
43820,27,6.3,1570
43821,66,5.7,2342
43822,17,5.7,354
43823,11,4.9,223
43824,44,5.9,1547
43825,67,6.4,4800
43826,44,7.1,4116
43827,43,6.4,3992
43828,106,7.5,5996
43829,15,6.3,4053
43830,54,6.3,4432
43831,64,6.8,2399
43832,20,5,471
43833,18,5.8,341
43834,60,6,1523
43835,143,5.8,2636
43836,110,7.3,5751
43837,16,5.7,428
43838,39,5.8,963
43839,38,4.4,2278
43840,48,6.3,2862
43841,100,6,2968
43842,42,6,925
43843,23,6.8,1099
43844,76,6.4,2124
43845,44,6.5,2965
43846,103,6.2,3829
43847,45,7,1489
43848,22,4.9,621
43849,31,5.5,1251
43850,71,6.1,2397
43851,36,5.5,1179
43852,19,5.7,389
43853,86,5.9,1998
43854,37,6.6,2692
43855,32,5.5,695
43856,23,4.1,434
43857,45,6.6,2303
43858,48,6.4,2089
43859,138,8,8705
43860,22,5.7,672
43861,18,6.7,447
43862,18,4.9,366
43863,95,6.7,3793
43864,44,6.6,1157
43865,30,5.8,959
43866,62,6.7,1247
43867,167,7.6,7268
43868,37,6.5,1770
43869,1,3.7,16
43870,52,6.1,1485
43871,95,7.9,5439
43872,65,7.1,2608
43873,132,7.4,5815
43874,88,7.3,3855
43875,51,5.6,1243
43876,101,7.7,4185
43877,33,6.5,1344
43878,42,7.4,1502
43879,38,6.8,1116
43880,40,6.2,954
43881,32,5.4,1060
43882,24,6.1,1383
43883,24,5.6,543
43884,82,7.8,10099
43885,46,6.8,1129
43886,51,7.2,1490
43887,53,6.1,2896
43888,58,6.4,1926
43889,30,4.9,967
43890,31,6.4,572
43891,36,6.4,1121
43892,41,6,1699
43893,20,5.5,482
43894,52,7.3,2281
43895,95,7.9,6571
43896,48,5.2,1498
43897,58,6.7,1560
43898,73,6.6,2977
43899,37,6.5,703
43900,32,4.2,808
43901,76,5.6,1680
43902,38,7.2,948
43903,19,5.3,381
43904,61,6.1,1795
43905,33,5.5,783
43906,17,3.6,338
43907,50,6.5,1276
43908,12,4.4,142
43909,30,6.4,717
43910,34,6.5,604
43911,3,7.1,73
43912,41,6,2206
43913,46,7.1,1910
43915,23,5.9,601
43916,19,5.4,334
43917,44,7.2,1811
43918,16,5.6,578
43919,109,7.3,3885
43920,18,5.4,426
43921,37,7,858
43922,65,6.2,2672
43923,101,6.7,2374
43924,29,6.6,1065
43925,85,7.6,6122
43926,123,8.1,8064
43927,106,8,7487
43928,63,5.2,957
43929,41,5.7,2192
43930,58,5.9,2295
43931,1,5.7,2077
43932,138,7,4347
43933,21,6.3,572
43934,65,5.2,3493
43935,10,5.8,106
43936,77,7.4,5152
43937,7,5.7,136
43938,61,6,2010
43939,104,6.9,4412
43940,73,7.3,3806
43941,37,6.3,1165
43942,35,6.4,1054
43943,15,6.3,488
43944,46,6.5,1747
43945,69,6.5,2271
43946,43,7,3144
43947,40,5.6,1232
43948,63,7.9,4339
43949,67,7.6,2008
43950,43,6.5,1667
43951,47,7.2,2434
43952,51,6.9,2066
43953,57,7,5766
43954,29,5.3,621
43955,51,6.7,1224
43956,27,5.8,428
43957,38,6.7,1173
43958,40,5.5,1048
43959,140,5.6,2513
43960,34,6.8,1974
43961,16,5.2,466
43962,55,7.2,1308
43963,28,5.6,634
43964,18,6.2,392
43965,40,5.9,1648
43966,56,5.5,1418
43967,51,6.7,3235
43968,20,5.9,302
43969,27,6.8,579
43970,16,5.7,369
43971,46,6.5,2166
43972,24,6.9,963
43973,19,5.2,376
43974,15,5.9,290
43975,15,6.1,264
43976,31,6.6,650
43977,24,7.3,616
43978,3,5.4,50
43979,14,6.7,216
43980,32,6.1,950
43981,57,7.5,3218
43982,37,5.9,1410
43983,53,7.2,2825
43984,36,6.2,840
43985,60,7.2,3783
43986,36,5.6,924
43987,56,6.8,2566
43988,29,6.6,1449
43989,34,6.3,1345
43990,9,5.1,313
43991,36,5.8,932
43992,44,6.7,1225
43993,41,6.7,1240
43994,16,6.2,360
43995,42,6.5,1999
43996,26,6.1,656
43997,80,6.9,4663
43998,41,7.2,999
43999,24,6.4,514
44000,32,6.1,712
44001,16,7.3,652
44002,8,6.1,1705
44003,19,6.7,333
44004,36,6.9,1147
44005,18,5.5,427
44006,5,7.3,85
44007,48,5.5,1114
44008,38,7.2,2126
44009,29,5.4,516
44010,17,4.7,332
44011,31,5.4,820
44012,57,6.6,1940
44013,41,6,2104
44014,13,6.7,226
44015,11,4.9,119
44016,21,5.9,1799
44017,58,6.5,1527
44018,51,7.3,2023
44019,18,5.7,595
44020,109,6.4,3012
44021,77,6,2926
44022,75,6.7,2631
44023,68,6.9,9455
44024,58,6.2,3739
44025,59,6.6,1673
44026,36,6.3,1074
44027,55,7.1,1314
44028,14,5.8,288
44029,34,5.9,855
44030,44,6.4,1526
44031,26,6.2,785
44032,23,5.4,484
44033,45,5.8,1155
44034,23,6,1051
44035,16,6.3,410
44036,81,7.8,6336
44037,19,5.3,331
44038,29,6,1333
44039,46,6.8,1583
44040,23,5.9,901
44041,49,7.3,1077
44042,37,6.3,1543
44043,45,6.5,1270
44044,46,6.3,1018
44045,24,6.7,533
44046,32,6.6,2164
44047,11,5.3,695
44048,19,5.2,369
44049,36,6.5,1288
44050,25,5.6,550
44051,41,5.2,1043
44052,22,6.5,431
44053,139,7.4,3946
44054,18,5.6,332
44055,11,5.2,220
44056,41,7.4,831
44057,27,5.3,498
44058,17,5,388
44059,21,6.2,393
44061,61,6.7,1497
44062,14,7,292
44063,25,5.8,631
44064,6,5.9,208
44065,36,6.1,932
44066,31,5.9,893
44067,21,6.8,577
44068,18,5.2,438
44069,40,5.6,818
44070,44,6.1,1509
44071,3,6.4,47
44072,20,6.7,349
44073,36,5.9,1195
44074,18,6.9,189
44075,16,5.8,378
44076,10,5.2,133
44077,7,3,255
44078,16,5.6,297
44079,9,5.1,165
44080,11,5.4,318
44081,14,6.1,299
44082,11,5.2,305
44083,52,5.7,1316
44084,13,5.4,267
44085,27,6,639
44086,10,7.3,111
44087,7,4.8,111
44088,50,5.2,1267
44089,0,5.3,9
44090,59,7.7,3009
44091,90,8,5376
44092,40,5.8,1030
44093,41,6.4,915
44094,10,6.7,1115
44095,16,6.5,318
44096,22,4.1,604
44097,10,6.2,2028
44098,35,7.6,756
44099,15,5.7,359
44100,8,3.9,87
44101,31,5.9,3462
44102,47,5.7,1155
44103,136,7,4637
44104,60,6.7,3260
44105,2,6.2,2487
44106,48,6.6,3237
44107,35,7.4,2071
44108,4,6.8,4097
44109,73,6.4,2528
44110,51,6.9,1456
44111,85,6.5,2951
44112,61,6.6,2105
44113,31,6.5,709
44114,15,4.7,183
44115,17,4.3,318
44116,71,7.3,5487
44117,38,6,1705
44118,57,7,1910
44119,13,5.7,202
44120,13,5.9,283
44121,18,6.5,338
44122,47,5.8,1557
44123,14,6.6,284
44124,18,5.4,292
44125,29,6.9,696
44126,27,6.4,573
44127,23,5.7,772
44128,48,7.1,2265
44129,14,5.8,369
44130,36,6.3,874
44131,24,6.2,302
44132,19,5.9,311
44133,13,6.4,197
44134,37,5.7,880
44135,23,6.2,512
44136,14,6.3,313
44137,10,5,166
44138,11,6.1,221
44139,12,5.8,282
44140,8,4.3,78
44141,20,5.7,276
44142,42,6.9,1946
44143,875,6.4,4571
44144,39,5.9,1623
44145,20,5.8,327
44146,18,5.8,476
44147,45,5.9,1022
44148,21,5.4,444
44149,20,5.7,390
44150,26,6.5,513
44151,12,6.2,491
44152,13,4.9,410
44153,60,7.7,3336
44154,32,6.6,765
44155,46,6.9,2264
44156,11,6.6,188
44157,8,4.5,179
44159,27,6.2,1071
44160,21,5.4,686
44162,47,6.7,2988
44163,82,6.6,3877
44164,20,5.7,455
44165,46,5.8,1424
44166,36,5.8,719
44167,16,6.4,470
44168,72,7.9,6430
44169,33,6.6,1532
44170,57,6.6,1896
44171,34,5.8,770
44172,27,6.5,1078
44173,20,5.3,409
44174,42,5.5,1217
44175,29,5.4,666
44176,19,6.7,521
44177,59,6.2,2981
44178,19,6.3,391
44179,49,5.5,1448
44180,46,7.6,1994
44181,13,6,216
44182,29,7,992
44183,43,5.8,1523
44184,24,7.1,808
44185,23,5.8,493
44186,64,6.2,2389
44187,20,6,352
44188,48,7.1,1184
44189,16,7,630
44190,14,5.2,304
44191,14,5.4,228
44192,29,5,609
44193,13,5.2,269
44194,58,6.1,1862
44195,23,6,385
44196,14,5.9,241
44197,29,6.1,695
44198,9,3.4,106
44199,8,4.3,97
44200,10,5.5,179
44201,10,5.9,228
44202,6,5.9,43
44203,46,5.1,826
44204,24,5.7,439
44205,13,4.6,180
44206,44,6.7,1659
44207,25,4.4,533
44208,22,5.9,437
44209,107,5.8,2301
44210,22,6.7,423
44211,113,7.1,6478
44212,10,5.4,222
44213,68,6.2,2463
44214,18,6.9,395
44215,12,5.7,250
44216,27,5.4,611
44217,26,7.3,481
44218,28,6.3,588
44219,37,6.5,895
44220,11,5.5,531
44221,38,5.5,1269
44222,25,6,602
44223,18,6.6,488
44224,12,5,207
44225,76,7.9,5048
44226,54,6.1,1520
44227,31,6.1,992
44228,99,7.1,3857
44229,26,5.3,567
44230,36,6.7,1429
44231,104,7.9,8907
44232,68,7.3,1599
44233,14,5.5,297
44234,48,7.1,1884
44235,28,6.3,838
44236,22,6.5,1062
44237,31,6.3,1183
44238,43,6.2,1685
44239,43,7.3,1400
44240,15,6.3,403
44241,26,6.1,588
44242,22,5.7,453
44243,18,6,238
44244,24,5.9,447
44245,19,6.5,393
44246,31,5.9,1743
44247,27,7.1,1234
44248,33,6,466
44249,59,6.7,2542
44250,38,5.9,1389
44251,49,5.7,1252
44252,11,6.4,215
44253,9,6.1,94
44254,6,5.6,1600
44255,42,6,1175
44256,15,6.5,314
44257,14,6,208
44258,15,6.1,779
44259,146,8.3,9413
44260,8,6.7,186
44261,16,5.4,269
44262,2,4.9,52
44263,31,5,687
44264,20,6.7,274
44265,28,4.8,575
44266,85,6.3,1286
44267,4,5.3,63
44268,60,6.7,1772
44269,42,7.1,1165
44270,40,5.9,979
44271,24,6.1,409
44272,40,7.6,4856
44273,13,6.5,202
44274,18,6.4,386
44276,12,5.3,261
44277,18,6.1,340
44278,11,6.5,195
44279,13,4.3,242
44280,11,5.8,178
44281,68,7.6,4274
44282,19,5.9,569
44283,16,5.5,331
44284,65,7,4997
44285,32,6.1,1373
44286,30,6.9,1343
44287,103,8.2,4048
44288,31,5.6,648
44289,47,5.6,944
44290,143,7.9,5862
44291,86,7.3,3583
44292,59,6.6,1174
44293,18,6.1,205
44294,56,7.8,4537
44295,29,6.8,817
44296,18,5.6,506
44297,42,6.6,1589
44298,18,5,352
44299,62,6.6,1919
44300,24,5.9,487
44301,41,6,1272
44302,26,5.3,588
44303,16,5.9,353
44304,18,5.7,526
44305,113,6.4,3040
44306,28,5.8,636
44307,19,6.5,521
44308,41,6.6,2808
44309,23,6.8,422
44310,12,6.7,292
44311,44,7,1451
44312,37,5.3,779
44313,10,6.2,207
44314,56,6.3,2998
44315,22,5.6,604
44316,15,6.7,247
44317,38,6.2,1325
44318,10,4.3,203
44319,51,7.3,1386
44320,20,4.9,950
44321,45,7.3,1553
44322,4,4.5,137
44323,28,5.6,644
44324,22,5.5,575
44325,47,6.5,2225
44326,10,6.1,109
44327,39,6.7,789
44328,19,6.1,527
44329,29,5.9,581
44330,4,5.9,50
44331,16,5.8,258
44332,21,5.3,483
44333,13,5.6,210
44334,42,5.9,1173
44335,29,6.4,1581
44336,61,5.8,1621
44337,37,5.9,1365
44338,37,6.9,1462
44339,30,6.6,668
44340,15,6.3,338
44341,59,7.5,3070
44342,19,5.3,425
44343,27,6,669
44344,29,6.2,1778
44345,25,4.6,524
44346,23,7,1125
44347,21,6.7,484
44348,13,5.7,201
44349,6,5.1,80
44350,15,5.8,225
44351,23,5.6,556
44352,21,6.1,479
44353,22,5.8,391
44354,18,6.6,366
44355,24,6.2,487
44356,12,5.8,130
44357,21,5.7,380
44358,18,5.9,375
44359,18,6,368
44360,17,6.6,234
44361,16,6.3,251
44362,21,7.4,797
44363,16,5.1,464
44364,36,4.7,549
44365,28,5.4,692
44366,18,6.6,372
44367,29,6.5,742
44368,8,6.1,204
44369,15,5.7,287
44370,13,6.3,271
44371,15,7,285
44372,5,4.9,109
44373,22,6,487
44374,45,6.2,1602
44375,18,5,371
44376,14,5.3,274
44377,14,5.7,166
44378,27,6,592
44379,14,4.7,320
44380,52,5.4,1055
44381,15,4.1,224
44382,6,6.7,110
44384,8,6.8,91
44385,514,7.4,10995
44386,9,4.9,111
44387,87,7.4,4469
44388,45,6.2,995
44389,13,6.5,579
44390,6,4.4,134
44391,31,5.7,690
44392,7,5.7,130
44393,19,4.9,388
44394,14,5.1,276
44395,1,6.1,1658
44396,2,5.8,1363
44397,12,5.9,178
44398,33,7.2,1374
44399,21,5.5,453
44400,31,6.4,535
44401,14,6,226
44402,48,4.7,1135
44403,9,5.5,145
44404,35,5.8,842
44405,23,6,381
44406,138,8.2,7927
44407,47,5.5,1177
44408,29,6.6,1698
44409,47,6.7,1457
44410,48,6.9,1022
44411,20,5.4,702
44412,34,6.4,1665
44413,22,5.4,496
44414,36,6,1129
44415,52,7.6,2454
44416,38,5.9,1122
44417,19,6,1019
44418,79,7.1,2954
44419,19,5.6,485
44420,20,7,498
44421,80,7.7,2525
44422,32,6.1,772
44423,15,5.9,210
44424,21,6.4,529
44425,79,7.7,4949
44426,13,6,254
44427,50,7.6,3948
44428,22,6.1,458
44429,29,6.3,636
44430,25,6.2,735
44431,17,5.8,256
44432,32,5.7,751
44433,17,6.3,461
44434,14,5.7,254
44435,45,6.2,1633
44436,7,5.9,120
44437,32,6.7,658
44438,12,6.4,236
44439,39,7,883
44440,39,5.3,881
44441,8,6,189
44442,7,6.2,146
44443,8,5.1,188
44444,10,5.4,251
44445,23,6.4,374
44446,27,7.3,1131
44447,20,5.3,284
44448,4,5.7,194
44449,18,7,438
44450,15,6.6,303
44451,29,5.4,703
44452,4,6.1,48
44453,4,5.2,62
44454,12,5.7,134
44455,14,6.2,316
44456,9,4.2,91
44457,22,6.9,573
44458,23,7.1,346
44459,23,7.3,395
44460,12,5.3,123
44461,67,6.2,1528
44462,41,7.5,2039
44463,22,5.2,481
44464,59,7.1,1546
44465,22,6.1,327
44466,18,5.4,407
44467,30,6.5,629
44468,9,3.5,104
44469,7,5.7,95
44470,19,5.5,308
44471,45,7.4,1432
44472,57,7.4,1300
44473,8,5.4,113
44474,46,6.3,1242
44475,23,6.7,526
44476,49,7.2,1486
44477,16,6.8,459
44478,1,5.9,26
44479,6,5.4,81
44480,73,7.7,3795
44481,38,6.7,1702
44482,26,5.6,832
44483,30,6.4,1386
44484,25,5.7,1013
44485,15,5.1,316
44486,40,7.2,771
44487,32,5.9,736
44488,24,6.9,435
44489,40,7.8,1307
44490,27,6.1,675
44491,15,5.1,278
44492,39,6.1,927
44493,10,5.3,225
44494,5,5.1,109
44495,94,5.6,2436
44496,67,7.3,4056
44497,26,6.5,1652
44498,28,6.6,909
44499,27,6.7,913
44500,68,6.3,4697
44501,37,7.2,915
44502,35,7,832
44503,38,6,923
44504,18,5.6,644
44505,37,6.6,2435
44506,30,7.1,716
44507,23,6.3,850
44508,52,7,3319
44509,50,7.2,1516
44510,43,6.4,1813
44511,45,6.2,1650
44512,16,6.9,277
44513,38,5.8,854
44514,65,5.6,1652
44515,45,7.3,1630
44516,17,6.7,548
44517,10,5,213
44518,38,6.5,909
44519,32,5.9,1486
44520,18,5.5,399
44521,32,5.4,632
44522,37,7,2443
44523,17,5.2,820
44524,9,5.2,193
44525,46,7,1381
44526,30,6.3,513
44527,83,6.8,2268
44528,23,5.5,509
44529,84,7.7,4442
44530,16,6,692
44531,9,6.2,106
44532,12,5.1,542
44533,11,6,220
44534,53,5.7,3239
44535,14,6.3,276
44536,43,5.9,1567
44537,16,6.3,451
44538,42,7,938
44539,34,7.3,755
44540,18,5.6,267
44541,13,6.4,223
44542,19,6,395
44543,62,7.5,1506
44544,32,6.3,1067
44545,14,6.1,203
44546,39,6.1,1611
44547,28,6.8,582
44548,20,5.8,817
44549,20,5.5,434
44550,33,6.2,652
44551,42,7.2,1417
44552,15,5.8,255
44553,29,6.1,1267
44554,28,6.1,750
44555,14,6.1,298
44556,9,4.5,104
44557,12,4.4,269
44558,41,6.3,1233
44559,13,5.9,189
44560,19,6.2,371
44561,9,6.3,88
44562,11,4.4,205
44563,12,5,149
44564,13,5.8,510
44565,16,6,268
44566,23,6,387
44567,6,6,654
44568,6,5.9,75
44569,42,6,1817
44570,19,6.2,286
44571,10,6.1,206
44572,13,6,368
44573,21,5.6,373
44574,61,7.6,1436
44575,25,7.1,775
44576,21,6.6,428
44577,22,7.3,480
44578,6,5.4,120
44579,74,6.3,1148
44580,35,7.2,848
44581,14,5.8,458
44582,21,6.2,367
44583,21,5.2,501
44584,19,5.8,391
44585,3,5.9,81
44586,21,5.8,274
44587,7,5.5,108
44588,12,6.5,235
44589,18,6,444
44590,8,5.2,44
44591,27,5.6,760
44592,40,5.6,984
44593,11,5.9,132
44594,37,4.7,797
44595,6,5,76
44596,2,5.4,37
44597,30,5.3,600
44598,8,3.9,112
44599,21,5.7,437
44600,2,6.2,71
44601,31,7.2,666
44602,25,6.9,562
44603,80,7.6,3152
44604,26,6.5,639
44605,116,6.6,3062
44606,33,6.5,826
44607,53,6.5,1267
44608,0,4.3,13
44609,34,6.6,692
44610,40,6.1,547
44611,18,6,518
44612,30,7.1,695
44613,11,6,418
44614,19,5.6,512
44615,8,6.6,68
44616,48,6.9,1188
44617,88,6.1,2200
44618,16,6.5,333
44619,19,5.7,594
44620,1,6.6,9
44621,7,5.9,251
44622,18,6.6,339
44623,7,6.5,103
44624,63,7.2,1488
44626,10,4.6,104
44627,6,5.7,74
44628,15,6.3,584
44629,10,5.5,252
44630,41,6.8,1148
44631,25,7,661
44632,22,4.4,420
44633,12,6.2,232
44634,26,6.4,1424
44635,24,6.6,573
44636,0,6.5,2
44637,28,5,543
44638,49,6.1,2757
44639,36,5.8,912
44640,32,6.1,961
44641,53,5.8,1309
44642,30,6,697
44643,17,6.3,371
44644,17,6.4,278
44645,31,7,1111
44646,19,6.3,433
44647,10,5.6,406
44648,88,7.9,3085
44649,52,7.3,1634
44650,30,6.9,710
44651,35,5.4,982
44652,17,6.5,501
44653,43,6.5,1905
44654,23,7.3,496
44655,17,5.9,299
44656,27,4.7,610
44657,26,5.8,575
44658,37,7,1869
44659,87,6.8,2303
44660,26,6.6,741
44661,16,5.5,313
44662,10,5.9,150
44663,2,6.2,26
44664,8,5.6,176
44665,51,6.6,1315
44666,7,4.3,69
44667,12,6.1,1292
44668,44,6.6,1006
44669,6,6.4,119
44670,12,6.1,210
44671,11,5.9,134
44672,31,6.2,766
44673,24,6.1,537
44674,28,6,852
44675,20,5.5,366
44676,25,6.5,562
44677,11,7.1,410
44678,20,6.7,796
44679,32,6.2,661
44680,27,5.4,676
44681,6,4.7,100
44682,11,5.5,154
44683,13,5.3,244
44684,12,6.5,215
44685,6,6.1,151
44686,9,4.7,136
44687,7,5.8,60
44688,3,7.1,71
44689,21,6.7,670
44690,6,6,154
44691,11,6.3,90
44693,14,5,332
44694,5,6.3,80
44695,5,6.4,81
44696,3,4,11
44697,35,6,1007
44698,5,2.3,28
44699,62,7.1,3423
44700,54,7.2,1220
44701,33,5.5,858
44702,16,7.3,715
44703,38,6.3,864
44704,3,5.5,89
44705,46,6.9,1355
44706,5,6.4,55
44707,49,6.4,1528
44708,24,5.6,685
44709,19,7,302
44710,5,6,208
44711,25,6.6,518
44712,18,5.3,280
44713,23,6.6,501
44714,21,6.8,566
44715,44,6.3,1045
44716,62,6.7,4074
44717,28,7,1262
44718,31,6.5,1150
44719,33,5.8,773
44720,6,5.4,134
44721,37,6.5,1575
44722,13,6.7,146
44723,26,6,593
44724,14,6.1,184
44725,3,6.5,47
44726,14,6.1,305
44728,28,5.9,541
44729,45,5.6,922
44730,15,5.7,191
44731,14,4,232
44732,34,7,1335
44734,19,5.3,388
44735,74,6.1,2304
44736,7,6.3,136
44737,7,6.8,148
44738,32,6.8,1626
44740,36,6.6,907
44741,14,5.3,281
44742,73,7.7,3147
44743,34,6.2,925
44744,9,5.6,248
44745,28,6.9,891
44746,49,6.8,2807
44747,36,6.7,1804
44748,19,6.2,278
44749,43,7.4,3829
44750,115,6.3,5878
44751,98,5.2,3254
44752,21,4.7,511
44753,25,7,509
44754,26,6,699
44755,37,7.4,1526
44756,21,6.7,354
44757,68,7,1949
44758,69,7.1,3391
44759,26,6.2,959
44760,32,5.3,750
44761,24,5.7,736
44762,45,7.1,2900
44763,36,5.9,944
44764,45,7.1,1056
44765,22,6.6,560
44766,31,6.8,787
44767,31,7,767
44768,67,5.4,1127
44769,24,6.7,542
44770,53,7.1,1881
44771,25,6.1,555
44772,37,7.1,732
44773,21,7.2,467
44774,66,7.2,2691
44775,24,6.2,716
44776,25,6.5,515
44777,29,5.7,731
44778,26,7.5,502
44779,17,5.4,371
44780,21,5.8,441
44781,52,6.1,1350
44782,34,6.2,1437
44783,32,5.4,831
44784,48,7.2,2583
44785,24,6,457
44786,17,5.9,612
44787,14,5.9,297
44788,23,6.2,511
44789,19,5,336
44790,26,7.3,453
44791,26,7,902
44792,38,6.5,1265
44793,74,8,4391
44794,82,6.1,1536
44795,18,5.7,332
44796,41,7.3,1221
44797,23,6.2,440
44798,47,6,1206
44799,7,5.8,51
44800,32,6.4,972
44801,29,6.5,670
44802,29,6.4,573
44803,16,6.5,386
44804,19,6,394
44805,14,6.8,255
44806,12,6.7,235
44807,27,5.8,629
44808,3,6.8,316
44809,7,5.8,114
44810,39,4.9,740
44812,8,5.7,135
44813,17,6.2,554
44814,43,6.5,1789
44815,15,5.4,284
44816,35,6.1,902
44817,25,6.1,474
44818,10,6.7,275
44819,72,5.3,1695
44820,3,5,40
44821,38,5.9,866
44822,6,5.3,140
44823,24,7,432
44824,9,5.9,182
44825,15,5.5,275
44826,32,5.8,1468
44827,8,5.4,138
44828,31,6.9,708
44829,22,6.1,412
44830,12,6.3,186
44831,7,5.6,135
44832,10,6.7,155
44833,3,4.9,71
44834,4,5,45
44835,13,4.6,147
44836,3,5.2,56
44837,22,6.4,477
44838,19,6.4,278
44839,13,5.4,205
44840,17,7.2,345
44841,4,5.9,81
44842,33,6.5,824
44843,16,6.9,190
44844,3,5.7,92
44845,5,5.9,48
44846,7,4.7,119
44847,3,6,67
44848,14,4.9,256
44849,22,6.5,642
44850,6,5.7,81
44851,4,4.8,145
44852,47,7,2025
44853,2,4.2,28
44854,41,7.5,1176
44855,8,5.7,124
44856,7,5.7,125
44857,73,7.8,3310
44858,10,5.5,185
44859,15,5.6,248
44860,8,6.6,152
44861,4,5.9,54
44862,6,3.2,105
44863,16,5.5,348
44864,15,5.9,482
44865,5,6.3,47
44866,1,5.2,21
44867,14,4.2,135
44868,28,6.5,774
44869,9,6.1,135
44870,2,5,28
44871,10,4.8,171
44872,51,7,1182
44873,13,6,373
44874,4,5.4,15
44875,26,5.5,392
44876,16,5.1,213
44877,31,6.6,1006
44878,17,6.2,398
44879,8,6.6,96
44880,14,7.1,275
44882,8,4.3,17
44883,64,6.7,2854
44884,17,6.5,313
44885,6,5.9,15
44886,44,7.3,953
44887,16,7.5,135
44888,37,6.7,798
44889,18,5.8,191
44890,27,6.6,932
44891,45,7.4,1264
44892,2,4.5,32
44893,22,5.3,490
44894,21,6,433
44895,14,7.1,205
44896,18,6,394
44897,22,6.4,972
44898,5,5.5,94
44899,24,5.3,521
44900,14,6.4,452
44902,16,6.7,850
44903,5,6.8,19
44904,20,7.2,396
44905,11,6.2,264
44906,13,5.7,254
44907,41,5,567
44908,6,5.6,88
44909,5,5.5,40
44910,30,6.3,756
44911,3,5.7,80
44912,11,6,190
44913,18,6.9,417
44914,10,6.3,86
44915,52,7.8,1588
44916,46,6.2,2035
44917,4,5.8,52
44918,5,5.4,19
44919,23,6.2,605
44920,25,7,701
44921,6,4.3,75
44922,3,7.1,71
44923,57,5.6,1945
44924,57,7.3,1915
44925,24,7,1468
44926,27,5.8,594
44927,31,6.5,1222
44928,14,5.6,330
44929,33,7.7,2277
44930,30,7.5,825
44931,25,5.3,511
44932,46,5.9,1201
44933,6,6.7,163
44934,127,5.8,3561
44935,27,7,594
44936,16,6.1,352
44937,100,6.8,2972
44938,2,5.3,23
44939,9,6.6,198
44940,23,5.8,338
44941,33,6,894
44942,6,6.7,96
44943,11,5.4,173
44944,19,5.8,258
44945,29,5.2,692
44946,8,6.2,40
44947,2,6.3,32
44948,11,5.8,556
44949,70,7.5,1808
44950,1,4.6,14
44951,6,5.2,99
44952,3,5.3,71
44953,82,7.2,6173
44955,18,6.2,1011
44956,44,7,2096
44957,6,5.9,27
44958,36,6.4,811
44959,25,7.2,1597
44960,21,5.5,867
44961,50,6.5,2277
44962,49,7.2,1668
44963,83,7,3088
44964,24,6.2,530
44965,34,5.6,1645
44966,27,7,675
44967,45,6.5,1375
44968,72,5.9,1181
44969,3,5.5,225
44970,29,7,542
44971,24,7.7,1310
44972,11,5.8,550
44973,11,6.3,177
44974,23,5.5,453
44975,38,7.2,1180
44976,25,6,436
44977,28,6.3,1018
44978,9,6.8,103
44979,18,6,345
44980,9,6.8,141
44981,40,6.5,2237
44982,50,5.6,1462
44983,31,7.3,1226
44984,19,7.2,370
44985,38,5.6,896
44986,13,5.2,210
44987,51,6.2,1428
44988,14,5.2,253
44989,6,5.2,242
44990,11,5.8,140
44991,40,7.4,1147
44992,40,6.4,2065
44993,36,7,794
44994,23,6,415
44995,25,5.2,613
44996,60,6.7,3417
44997,18,5.7,458
44998,14,5.9,296
44999,15,5.1,287
45000,6,6.9,97
45001,19,4.1,325
45002,50,8,1864
45003,3,6.4,35
45004,17,5.5,677
45005,22,6.7,811
45006,28,6,741
45007,19,6,485
45008,11,5.4,239
45009,27,5.9,730
45010,12,5.9,238
45011,8,6.3,245
45012,12,6.1,233
45013,14,5.8,325
45014,14,5.1,300
45015,5,6.3,157
45016,15,5.6,318
45017,23,6,436
45018,5,6.1,81
45019,25,5.5,523
45020,22,5.9,437
45021,35,7,823
45022,19,5.6,961
45023,14,5.2,235
45024,9,6.9,161
45025,19,4.9,379
45026,29,5.7,593
45027,11,5.1,167
45028,17,6.2,832
45029,18,5.4,647
45030,10,6.5,159
45031,28,5.7,1455
45032,16,6,293
45033,13,4.6,149
45034,9,5.3,191
45035,9,5.8,129
45036,9,6,216
45037,6,5.7,31
45038,10,6.6,212
45039,11,6.4,108
45040,6,5.7,55
45041,16,7,322
45042,14,5.3,220
45043,43,6.5,987
45044,2,4.7,64
45045,27,5.5,555
45046,3,4.8,91
45047,17,5.6,294
45048,10,4.9,135
45049,37,6.9,1121
45050,0,4.7,9
45051,16,6.5,357
45052,3,6.6,53
45053,9,7.7,115
45054,5,6.6,60
45055,9,6.2,142
45056,2,7.4,34
45057,2,6.7,25
45058,5,6.6,49
45059,13,7,291
45060,20,5.8,307
45061,0,0,0
45062,131,7,5371
45063,16,5,320
45064,9,7,169
45065,24,6.8,827
45066,3,5.3,29
45067,16,5.1,344
45069,41,7.3,1064
45070,20,5.4,254
45071,1,5.3,18
45072,17,5.4,240
45073,15,6.5,224
45074,4,7.1,67
45075,40,7.1,877
45076,12,5.3,110
45077,24,5.6,506
45078,12,6.3,121
45079,23,4.8,469
45080,29,6.7,663
45081,19,5.1,497
45082,7,4.9,110
45083,35,6.1,766
45084,16,6.6,238
45085,31,6.3,799
45086,9,5.7,116
45087,46,7.9,4665
45088,21,5.8,363
45089,33,7.2,813
45090,20,5.3,394
45091,16,6.4,987
45092,15,6.2,323
45093,13,5.3,185
45094,21,6.7,390
45095,14,5.6,359
45096,17,6.5,1661
45097,38,6.3,2359
45098,14,6,242
45099,24,7,544
45100,18,6,394
45101,18,5.7,414
45102,15,5.3,313
45103,59,7.1,2699
45104,14,6.7,374
45105,23,6.3,1018
45106,10,6.7,232
45107,10,5.6,143
45108,6,6.3,67
45109,34,6.9,832
45110,47,6.2,1061
45111,16,6.3,427
45112,6,5.6,104
45113,15,6.6,225
45114,25,6.2,620
45115,4,4,104
45116,3,5.4,44
45117,26,5.3,724
45118,4,7.1,24
45119,4,7.2,18
45120,5,5.9,86
45121,4,5,13
45122,49,8,2055
45123,13,6,262
45124,6,6.9,113
45125,27,5.7,557
45126,13,7,279
45127,42,6.5,2415
45128,29,5.9,541
45129,74,8,4519
45130,7,6.4,131
45131,15,6.2,433
45132,19,7,462
45133,47,6.2,1195
45134,15,6.4,302
45135,32,6.9,677
45136,34,6.1,875
45137,36,6,1344
45138,73,7.7,5269
45139,49,6.8,1783
45140,26,7,1293
45141,6,6,89
45142,25,7.4,821
45143,46,7.2,957
45144,32,7.2,1101
45145,41,6.2,981
45146,37,6.7,848
45147,34,6.1,1099
45148,40,6.5,1023
45149,10,6.5,166
45150,79,8.1,5765
45151,63,7.3,3382
45152,27,6.7,574
45153,31,7.6,1422
45154,70,7.7,2439
45155,29,6.4,503
45156,55,7.7,3067
45157,30,6.1,978
45158,13,6,449
45159,4,6,100
45160,3,5.9,56
45161,26,7.2,619
45162,33,6.7,1205
45163,19,6.7,362
45164,43,6.4,2652
45165,46,6.6,4697
45166,9,4.9,95
45167,34,6,733
45168,12,5.8,284
45169,50,6.4,1172
45170,24,6.7,607
45171,11,5.8,205
45172,7,5.8,81
45173,33,5.9,856
45174,8,5.3,214
45175,41,6.3,1204
45176,43,7.4,1990
45177,18,5.5,319
45178,28,7.4,1317
45179,10,5.8,196
45180,19,5.6,376
45181,5,5.7,100
45182,28,6.3,521
45183,27,6,506
45184,30,6.8,643
45185,29,6.9,977
45186,8,5.1,123
45187,33,7.4,1049
45188,16,6.6,796
45189,11,6.2,243
45190,14,4.9,140
45191,43,7.2,1894
45192,8,7.2,144
45193,55,7.2,2416
45194,65,7.3,2067
45195,45,6.2,966
45196,82,7.4,1990
45197,15,6.9,260
45198,25,6.6,582
45199,11,5.6,159
45200,32,7.1,721
45201,33,6.2,767
45202,73,6.5,2263
45203,10,3.7,359
45204,12,7.2,238
45205,30,6.4,703
45206,12,6.6,384
45207,31,6.5,1263
45208,11,3.8,221
45209,20,5.7,359
45210,63,5.8,1463
45211,8,6.6,162
45212,9,6.5,206
45213,7,5.1,66
45214,55,6.6,1262
45215,48,6.4,1323
45216,17,5.9,278
45217,19,6.8,258
45218,15,4.1,210
45219,4,6.3,66
45220,13,6.4,158
45221,2,6.2,27
45222,5,5.4,163
45223,20,4.8,442
45224,29,5.9,690
45225,20,5.8,339
45226,6,5.2,112
45227,27,5.7,457
45228,2,5,66
45229,34,6.9,905
45230,15,4.8,458
45231,18,6,311
45232,9,6,127
45233,2,5.2,47
45234,17,5.4,295
45235,20,6.6,1233
45236,16,5.7,313
45237,12,6.8,125
45238,14,5.5,278
45239,23,5.5,671
45240,11,5.1,221
45241,10,6.3,240
45242,10,5.1,202
45243,4,5,68
45244,9,6.7,157
45245,18,6,603
45246,19,6.4,330
45247,5,4,72
45248,3,5.4,44
45249,21,2.9,462
45250,43,5.7,1266
45251,12,4.7,114
45252,3,6.1,152
45253,10,4.8,131
45254,6,6.7,161
45255,37,6.3,869
45256,4,7.2,129
45257,22,5.5,543
45258,8,5.8,153
45259,16,7.4,383
45260,49,8.2,1069
45261,29,5.9,638
45262,12,6.7,144
45263,2,6,31
45264,3,5.4,29
45265,8,6.3,141
45266,3,5,29
45267,12,5,205
45268,35,7,776
45270,20,5.9,306
45271,48,5.4,656
45272,13,6.4,286
45273,8,5.5,90
45274,12,7,38
45275,6,3,16
45276,10,5.8,195
45278,2,6.6,69
45279,66,5.6,2238
45280,71,6.8,1940
45281,35,7.3,718
45282,8,5.9,159
45283,10,5.8,135
45284,16,7.2,328
45285,18,6.6,275
45286,8,5,85
45287,20,5.5,431
45288,3,6.9,51
45289,4,6.3,26
45290,12,4.9,287
45291,24,6.8,455
45292,92,7.4,3416
45293,61,7.7,1355
45294,66,7.1,2781
45295,7,5.7,147
45296,21,6.1,400
45297,19,6.6,392
45298,27,6.2,594
45299,66,7.5,3948
45300,24,6.4,564
45301,57,7.3,2607
45302,11,6.2,127
45303,7,7,159
45304,44,6.8,1016
45305,14,5.5,427
45307,24,7.4,1286
45308,45,7.1,1061
45309,28,6.4,799
45310,26,6.3,490
45311,14,6.6,521
45312,13,5.5,282
45313,38,6.1,1337
45314,37,6.9,823
45315,18,6.4,471
45316,15,6.1,327
45317,45,7.1,4645
45318,25,5.6,531
45319,6,4.6,148
45320,22,6.1,493
45321,36,7.7,1358
45322,94,7.9,3509
45323,10,6.5,148
45324,41,6,883
45325,14,6.5,323
45326,3,4.5,38
45327,3,7,49
45328,22,5.8,491
45329,4,6,69
45330,14,5.5,345
45331,1,5.5,46
45332,13,4.8,296
45333,12,5.8,195
45334,28,5.5,640
45335,7,6.8,91
45336,16,6.2,244
45337,40,6.3,2224
45338,6,5.6,61
45339,25,5.7,615
45340,25,6.2,527
45341,22,6.2,1214
45342,24,7.1,598
45343,6,5.7,57
45344,9,6.9,67
45345,12,6.9,235
45346,12,6.2,205
45347,16,6.7,413
45348,5,5.6,65
45349,18,6.2,345
45350,44,7.5,1065
45351,11,6,238
45352,5,6.7,33
45353,28,6.6,607
45354,11,5.5,247
45355,36,7.4,1323
45356,17,7.3,235
45357,16,6.3,288
45358,47,7,1002
45359,39,7.2,828
45360,18,6.7,396
45361,5,6.7,120
45362,3,5.9,44
45363,23,6.1,563
45364,8,5.5,98
45365,5,6.8,79
45366,14,4.4,222
45367,38,6.5,1068
45368,9,5.9,173
45369,5,5.9,56
45370,17,6.3,333
45371,8,5.2,127
45372,2,5.9,23
45373,0,6.9,6
45374,31,5.2,788
45375,24,6,879
45376,38,6.2,1983
45377,31,6.8,796
45378,61,6.2,1131
45379,5,5.8,628
45380,41,6.6,1148
45381,21,6.8,399
45382,19,7,262
45383,24,6.3,404
45384,20,6.9,207
45385,8,6.2,455
45386,37,5.9,1023
45387,39,7.3,1112
45388,30,5.2,629
45389,31,6.1,1573
45390,15,5.9,194
45391,5,4.9,89
45392,10,7.1,146
45393,22,6.8,633
45394,10,5.2,144
45395,21,5.7,718
45396,14,5.8,198
45397,22,6.1,426
45398,3,4.8,54
45399,7,4.5,110
45400,1,5.5,34
45401,4,6,62
45402,9,6.5,165
45403,5,3.9,95
45404,4,5.3,84
45405,66,6.3,1091
45406,20,6.8,417
45407,38,6.9,864
45408,30,7,1591
45409,49,7.6,1709
45410,50,7.8,3086
45411,10,6.1,143
45412,80,7.2,4369
45413,33,7.2,765
45414,26,6.1,661
45415,104,8.3,4329
45416,42,7.8,1910
45417,20,5.7,364
45418,22,5.4,500
45419,7,4.9,71
45420,26,5.8,594
45421,7,4.7,64
45422,12,5.6,231
45423,46,6.4,2251
45424,15,5.8,286
45425,38,7.6,1384
45426,53,7.7,3003
45427,28,6.1,853
45428,35,6.5,1356
45429,28,6.8,951
45430,4,5.1,377
45431,14,5.7,210
45432,38,6.1,1331
45433,30,7.4,626
45434,19,6,330
45435,25,7.2,476
45436,31,5.8,974
45437,26,6.8,946
45438,40,7,1113
45439,34,7.2,1223
45440,5,7,35
45441,48,6.4,1451
45442,18,6.1,440
45443,29,6.7,1493
45444,63,8.2,3128
45445,11,5,284
45446,24,6.4,711
45447,70,8,2948
45448,8,6.3,174
45449,21,7.4,355
45450,31,6.1,770
45451,7,5.9,87
45452,37,7.9,1537
45453,5,5.8,44
45454,8,5.6,61
45455,6,5.5,112
45456,17,6.3,386
45457,16,6.4,298
45458,25,5.6,529
45459,5,5.4,115
45460,17,6.6,259
45461,53,6.4,1798
45462,7,5.8,368
45463,19,5.5,299
45464,21,5.5,444
45465,12,5.8,236
45466,20,7,451
45467,10,6.4,671
45468,27,6.1,663
45469,9,4.9,199
45470,12,6,171
45471,29,7.1,797
45472,14,7.1,334
45473,14,5.5,350
45474,9,6.9,147
45475,6,4.7,123
45476,19,5.4,325
45477,7,4.7,71
45478,136,8.5,8205
45479,6,4.7,146
45480,17,6.7,244
45481,22,5.7,543
45482,20,6.9,483
45483,13,5.9,185
45484,19,6.5,318
45485,29,7.2,661
45486,10,6.7,134
45487,8,6.2,183
45488,19,6.6,1262
45489,24,6.2,515
45490,14,5.4,341
45491,18,6,414
45492,15,6.9,530
45493,25,6.5,656
45494,6,4.6,82
45495,10,5.4,66
45496,2,4.7,28
45497,6,5,54
45498,7,6.9,110
45499,21,5.4,597
45500,13,5.6,265
45501,3,4.3,29
45502,7,5.2,147
45503,39,6.3,824
45504,10,5.2,101
45505,7,4.4,46
45506,32,6.7,973
45507,6,6.3,313
45508,8,4.9,132
45509,4,7,59
45510,14,6.5,304
45511,12,6.2,135
45512,9,6.2,137
45513,8,7,210
45514,10,6,378
45515,29,7.1,705
45516,11,5.6,194
45517,51,7.7,1272
45518,8,6.7,97
45519,5,6.6,90
45520,4,6.1,82
45521,3,4.6,45
45522,7,6.2,111
45523,21,5.8,498
45524,7,5.3,25
45525,7,5.5,144
45526,5,6.4,60
45527,3,5.7,34
45528,41,6.8,1087
45529,4,5,22
45530,2,5.5,28
45531,2,4.8,47
45532,8,7.3,166
45533,8,5.5,138
45534,5,5.1,14
45535,17,6.4,387
45536,7,3.5,118
45537,20,7,738
45538,4,5.9,66
45539,5,6.1,58
45540,3,6.2,19
45541,3,6.6,49
45542,30,7.7,704
45543,17,6,326
45544,15,5.6,151
45545,15,7.1,380
45546,5,6,21
45547,1,3.8,7
45549,35,5,712
45550,12,6.2,227
45551,1,7,31
45553,3,4.1,26
45554,14,7,257
45555,14,5.5,301
45556,22,6.9,477
45557,30,6.5,835
45558,35,6.1,840
45559,15,5.4,285
45560,15,6.4,225
45561,23,6.2,531
45562,25,6.4,505
45563,24,6.6,541
45564,16,7.2,341
45565,20,5.1,374
45566,5,6.1,67
45568,3,5.9,111
45569,20,5.9,742
45570,1,5.5,24
45571,10,7.6,721
45572,7,5.5,160
45573,6,5.8,92
45574,2,5.9,58
45575,3,4.7,49
45576,5,5.7,53
45577,8,5,141
45578,23,5.3,581
45579,6,6.5,55
45580,2,4.1,19
45581,2,6.8,26
45582,0,5.4,15
45583,26,6.1,568
45585,57,7.2,3550
45586,23,5.9,512
45587,78,8.2,5879
45588,33,6.5,1699
45589,27,6.6,546
45590,38,6.4,1378
45591,20,6.5,910
45592,18,6.7,1789
45593,7,6,118
45594,53,7.9,4097
45595,11,6.3,325
45596,8,5.1,73
45597,8,5.9,66
45598,2,6.4,11
45599,26,5.6,505
45600,12,3.5,224
45601,6,6.6,124
45602,4,6.5,11
45603,6,6.6,55
45604,12,6.1,82
45605,15,6.6,261
45606,8,6.6,246
45607,11,5.8,101
45608,5,5.9,56
45609,6,5.5,73
45611,35,6.5,1343
45612,39,6.7,902
45613,22,6.8,431
45614,41,6.9,1339
45615,57,6.5,1590
45616,16,6.3,489
45617,11,6.5,110
45618,20,6,428
45619,17,7.3,385
45620,13,4.6,304
45621,35,7.4,716
45622,27,7.3,508
45623,23,5.6,354
45624,26,7.2,530
45625,9,5.9,83
45626,81,6.6,2512
45627,17,6.1,319
45628,17,6,301
45629,5,6.8,61
45630,10,4.7,225
45631,30,6.2,551
45632,10,6,160
45633,12,5.4,154
45634,13,6,223
45635,3,6.3,112
45636,21,6.4,480
45637,9,5.4,201
45638,39,5.7,1309
45639,6,5.3,72
45640,35,6.4,875
45641,4,6.1,77
45642,14,6.2,239
45643,14,4.2,305
45644,0,3.6,8
45645,0,4.9,8
45646,8,3.8,48
45647,25,5.2,559
45648,7,5.9,128
45649,13,7.2,277
45650,13,7.2,212
45651,16,5.5,224
45652,6,5.9,140
45653,48,6.2,659
45654,9,7.4,98
45655,12,5.2,192
45657,29,6.5,720
45658,18,6.5,501
45659,2,6.3,46
45660,12,7,239
45661,14,6,122
45662,15,5.6,546
45663,8,5.5,139
45664,27,7.1,893
45665,20,6.9,497
45666,10,5.1,184
45667,5,6.3,123
45668,63,6.9,4742
45669,17,7.5,356
45670,1,7,22
45671,34,6.6,1692
45672,26,6.4,497
45673,4,5.1,76
45674,10,6.7,189
45675,5,5.8,65
45676,8,6.5,52
45677,33,6.6,840
45678,2,5.5,14
45679,13,6.3,276
45680,4,5.9,41
45681,21,6.7,475
45682,68,7.7,3854
45683,81,6.3,2395
45684,52,7.2,1098
45685,9,5,150
45686,25,6.1,613
45687,8,5.4,183
45688,18,8.1,4443
45689,21,6.5,728
45690,20,6.4,428
45691,19,5.9,406
45692,12,4.9,209
45693,49,7.4,3092
45694,13,5.2,221
45695,21,5,500
45696,43,6.7,1414
45697,16,5.4,442
45698,28,6.3,679
45699,40,6.7,934
45700,22,6.7,383
45701,23,6.9,923
45702,95,7.9,3674
45703,4,6.2,116
45704,2,6.1,29
45705,47,7.5,3601
45706,53,7.6,2562
45707,7,5.9,52
45708,15,7.4,422
45709,42,6.3,1252
45710,10,3.6,222
45711,15,6.1,290
45712,29,7.4,817
45713,19,5.6,269
45714,11,4.6,191
45715,22,5.8,381
45716,9,6.3,143
45717,29,6.7,1261
45718,14,6.8,276
45719,6,3.2,326
45720,41,7.8,2686
45721,20,5.9,292
45722,13,5.2,283
45723,2,6,24
45724,11,5.9,308
45725,11,5.8,129
45726,8,6.1,131
45727,18,5.8,481
45728,6,7,114
45729,17,4.2,315
45730,25,6.9,1055
45731,20,6.5,505
45732,20,7,435
45733,26,6.6,660
45734,26,5.3,465
45735,14,6.4,194
45736,36,4.6,793
45737,7,6.2,63
45738,30,7.1,612
45739,16,5.7,295
45740,27,5.3,531
45741,17,6,328
45742,25,6.3,444
45743,7,5.4,167
45744,14,6.3,257
45745,23,7,628
45746,12,4.7,171
45747,3,5.8,63
45748,30,6.6,697
45749,56,7.9,3652
45750,19,6,368
45751,18,6.3,363
45752,55,6.7,1778
45753,5,5.8,143
45754,28,6,634
45755,16,5.9,525
45756,17,6,593
45757,4,5.3,155
45758,11,6.5,119
45759,12,5.3,124
45760,15,5.2,288
45761,9,6.3,148
45762,4,5.1,44
45763,12,6.7,175
45764,62,7.1,2181
45765,16,6.3,299
45766,17,5.8,255
45767,93,8.2,2320
45768,17,5.4,220
45769,27,6.7,542
45770,7,5.6,130
45771,0,4.9,7
45772,14,6.8,260
45773,11,6.5,52
45774,20,7.1,334
45775,43,7.8,3045
45776,8,5.6,111
45777,23,5,432
45778,64,6.9,1603
45779,9,6.4,88
45780,4,6.3,39
45782,6,4.3,20
45783,10,7.3,394
45784,32,7.2,918
45785,9,5.8,52
45786,5,5.3,83
45787,5,5,120
45788,10,7,167
45789,3,6.5,41
45790,15,6.2,336
45791,16,3,240
45792,15,5.5,208
45793,6,6.5,125
45794,19,6.2,671
45795,35,5.8,715
45796,9,4.8,139
45797,35,5.9,861
45798,7,7,130
45799,3,6.1,12
45800,5,6.4,81
45801,14,6,289
45802,17,6.1,139
45803,17,6.4,286
45804,15,5.7,220
45805,19,6.7,641
45806,2,4.5,48
45807,17,6.2,424
45808,2,6.4,62
45809,29,5.6,797
45810,11,7.3,187
45811,7,5.4,62
45812,30,6.3,950
45813,9,5.6,105
45814,12,6.5,147
45815,12,6.5,297
45816,15,6.5,284
45817,5,1.9,35
45818,6,5.4,133
45819,9,4.7,78
45820,6,6.4,24
45821,0,6.5,15
45822,45,6.5,833
45823,1,3.2,18
45824,8,5.9,88
45825,2,4.1,20
45826,29,5.3,631
45827,1,5.8,82
45828,4,4.7,69
45829,8,6.7,41
45830,12,7,185
45831,27,6.2,571
45832,26,6.8,532
45833,13,7,216
45834,9,3.1,173
45835,7,5.4,126
45836,7,5.9,179
45837,37,6.5,546
45838,2,6.3,26
45839,3,6.3,59
45840,13,6.6,195
45841,15,4.8,271
45842,10,6.8,203
45843,12,7.4,278
45844,60,8.2,1983
45845,0,5.7,20
45846,6,4.9,9
45847,14,7.1,218
45848,3,6.8,36
45849,5,3.3,12
45850,44,6.9,1552
45852,10,6,97
45853,0,2.2,8
45854,11,5.4,156
45855,9,6.4,102
45856,2,5.8,14
45857,20,5.9,286
45858,3,6.2,33
45860,12,5.8,221
45861,10,4.5,139
45862,6,5.5,48
45863,3,6,31
45864,27,5.3,585
45866,13,6.3,130
45867,14,5.3,68
45869,0,0.5,1
45870,7,6.1,109
45871,33,5.4,404
45872,28,6.1,465
45873,20,7.1,312
45874,7,7.1,157
45875,45,7.6,1046
45876,28,5.4,1584
45877,11,6.7,141
45878,25,6.1,713
45879,45,7,1476
45880,20,5.4,440
45881,78,8.1,3757
45882,76,8,6079
45883,13,5.5,209
45884,2,6,40
45885,1,3.9,8
45886,27,5.9,583
45887,18,5.3,404
45888,10,6.5,208
45889,1,4.6,8
45890,28,6.2,633
45893,7,6.5,108
45894,57,7.4,1486
45896,21,6.4,465
45897,4,6,33
45898,11,6.2,208
45899,2,5.8,40
45900,0,5.6,5
45901,5,6.1,12
45902,5,6.8,69
45903,30,6,588
45904,26,7.3,638
45905,15,6,381
45907,44,7.2,1301
45908,16,6,518
45909,36,6.2,2713
45910,85,6.6,2472
45911,20,6.9,993
45912,29,6.5,1579
45913,25,6.1,882
45914,15,6.4,434
45915,32,6.3,659
45916,9,5.5,308
45917,33,3.7,392
45918,14,6.2,249
45919,6,5.6,74
45920,26,6.5,656
45921,36,6.5,1013
45922,16,5.5,322
45923,14,6.3,238
45924,50,7.3,2093
45925,31,7.8,1076
45926,9,4.8,167
45927,36,6.9,2320
45928,12,6.4,172
45929,11,6.8,246
45930,12,5.9,136
45931,89,7.4,4535
45932,34,7,1098
45933,17,6.9,367
45934,18,6,303
45935,11,4.9,147
45936,14,6.4,311
45937,19,6.9,342
45938,4,6.7,72
45939,10,5.6,225
45940,18,5.8,383
45941,35,7.7,938
45942,13,5.6,180
45943,8,6.7,167
45944,7,5.5,135
45945,52,7,2606
45946,11,6.4,155
45947,6,6.8,90
45948,9,5.4,167
45949,4,4.9,76
45950,5,7.2,120
45951,53,6.8,1573
45952,14,5.1,197
45953,13,5.9,319
45954,11,3.7,14
45955,7,6.2,92
45956,13,7.3,236
45957,16,4.9,246
45958,14,6.9,176
45959,9,5.7,164
45960,3,5.6,56
45961,1,6.4,23
45962,12,5.8,177
45963,3,6.5,67
45964,3,6.7,55
45965,24,7.3,630
45966,17,6.7,299
45967,10,6.5,158
45968,31,6.9,836
45969,1,3.5,15
45970,9,7.3,117
45971,1,6.8,28
45972,32,6.2,694
45973,8,6.2,149
45974,13,6.7,273
45975,17,7.2,255
45976,2,5.3,11
45977,10,5.9,108
45978,10,7,104
45979,7,6.7,83
45980,6,4.4,60
45981,1,6.7,50
45982,8,5.6,20
45983,0,9.3,2
45984,18,6.9,270
45985,10,4.5,179
45986,9,6.7,77
45987,12,5,206
45988,22,6,376
45989,33,7,2100
45990,3,6.4,52
45991,7,5.7,82
45992,28,6.5,640
45993,23,5.9,479
45994,28,7.5,793
45995,42,5.9,966
45996,7,5.8,16
45997,21,4.6,218
45998,2,5.4,18
45999,25,7.4,1660
46000,67,7.7,3220
46001,20,7.4,352
46002,27,5.6,687
46003,70,6.4,1219
46004,23,6.9,478
46005,14,5.8,172
46006,30,7.4,1035
46007,3,4.7,30
46008,7,6.7,110
46009,23,6.4,534
46010,36,5.8,730
46011,14,5.2,297
46012,12,5.9,198
46013,24,6,849
46014,35,6.1,705
46015,10,5.1,64
46016,14,7.4,213
46017,9,5.6,54
46018,5,6,32
46019,32,7.3,2247
46020,3,4.8,63
46021,10,6.9,187
46022,4,4.6,74
46023,2,3.3,17
46024,3,6.3,14
46025,18,6.2,293
46026,3,6.3,36
46027,33,6.4,1723
46028,5,5.6,101
46029,7,4.9,95
46030,17,4.1,318
46031,1,3,6
46032,19,7,331
46033,2,5.5,19
46034,0,2.9,15
46035,36,7.1,1615
46036,1,5.6,19
46037,9,6.8,59
46038,25,6.1,271
46039,9,5.2,153
46040,8,6.5,129
46041,2,5,27
46042,6,4.5,140
46043,20,7,428
46044,4,5.8,73
46045,24,7,546
46046,20,7.2,352
46047,18,6.9,317
46048,10,6,236
46049,12,7,199
46050,55,8.1,2705
46051,35,6.5,1859
46052,18,7.3,950
46053,7,7.4,131
46054,14,5.9,542
46055,9,6,122
46056,29,7.3,1049
46057,15,4.8,365
46058,41,7.6,1662
46059,21,5.9,402
46060,1,6.4,30
46061,4,3.7,78
46062,90,7.6,3041
46063,6,4.8,44
46064,7,7.4,55
46065,11,5.3,224
46066,15,5.5,242
46067,10,5.3,215
46068,38,7.4,2199
46069,8,4.6,96
46070,32,6.7,1020
46071,6,6.4,76
46072,9,5.4,103
46073,9,7.2,108
46074,32,5.3,837
46075,3,5.4,43
46076,7,7,127
46077,36,6.9,948
46078,3,5.7,42
46079,9,5.3,131
46080,44,7.6,988
46081,19,6.8,378
46082,0,4.6,10
46083,2,5.1,36
46084,2,5.5,34
46085,8,6.4,113
46086,5,6.7,100
46087,29,6.8,624
46088,8,6.7,90
46089,2,4.3,48
46090,13,6.2,250
46091,4,6.9,21
46092,38,6.5,956
46093,9,4.7,108
46094,18,6.8,615
46095,2,6.3,29
46096,20,7.2,387
46097,7,4.8,91
46098,43,7.7,1717
46099,14,6.7,172
46100,20,6.4,258
46101,2,4.2,20
46102,1,5.7,16
46103,0,5.3,3
46104,6,5.5,16
46105,18,6.2,283
46106,17,6.3,317
46107,29,6.8,961
46108,2,7.1,2414
46109,12,5.8,253
46110,20,6.9,421
46111,58,6.7,1698
46113,80,7.9,3313
46114,54,7.6,2752
46115,17,5.7,559
46116,3,6.4,52
46117,17,7.7,338
46118,4,6.5,48
46119,145,8,5723
46120,12,6,102
46121,3,7.2,67
46122,21,5.9,355
46123,47,6,1401
46124,22,7.1,410
46125,27,6,680
46126,19,6.8,338
46127,58,7.1,1444
46128,2,6.1,33
46129,16,7,215
46130,43,6.1,1206
46131,4,5.4,268
46132,9,5.6,197
46133,19,7.8,921
46134,13,6.7,270
46135,11,5.7,280
46136,30,5.8,1138
46137,31,5.9,584
46138,21,6.2,492
46139,7,6.9,72
46140,19,6.6,382
46141,23,5.5,431
46142,49,7.2,1170
46143,11,5.8,156
46144,61,7.8,3311
46145,7,4.7,77
46146,6,6.9,155
46147,41,7.8,851
46148,12,5.1,267
46149,42,7,951
46150,19,6.2,440
46151,10,6.2,230
46152,11,4.5,228
46153,44,7.6,1486
46154,10,6.9,151
46155,49,7.4,3725
46156,7,5.1,221
46157,5,5.6,72
46158,34,6.5,1197
46159,7,6.3,130
46160,3,6.1,61
46161,2,7.4,88
46162,13,6.9,275
46163,13,4.7,295
46164,3,4.3,212
46165,19,6.3,380
46166,30,7.3,1105
46167,9,6.1,245
46168,15,7.5,202
46169,19,7.5,796
46170,11,5.5,119
46171,3,6.1,52
46172,17,5.2,351
46173,8,4.4,100
46174,4,6.4,128
46175,7,5,163
46176,18,6,421
46177,7,5.9,80
46178,9,5.5,104
46179,35,6.8,1653
46180,45,6,639
46181,4,5.3,42
46182,47,7.2,1840
46183,11,5.9,173
46184,24,5.8,742
46185,26,6.5,541
46186,8,4.6,115
46187,1,5.9,25
46188,0,6.7,10
46189,11,4.4,104
46190,2,5.1,17
46191,16,7,978
46192,20,6.7,357
46193,8,5.9,97
46194,9,6.4,126
46195,2,5.3,31
46196,3,6.3,32
46197,6,6.2,64
46198,0,2.9,8
46199,17,5.2,358
46200,3,4.8,32
46201,3,5.4,48
46202,41,7.5,861
46203,10,6,211
46204,49,7.8,2926
46205,11,6.6,243
46206,6,6.5,85
46207,9,6.7,95
46208,8,5,37
46209,7,4.7,146
46210,7,6.7,127
46211,0,4.7,3
46212,7,5.5,44
46213,25,7.4,1388
46214,5,5.6,26
46215,13,5.6,156
46216,7,5,100
46217,13,6,243
46218,21,6.8,350
46219,0,4.7,15
46220,12,7,177
46221,8,6,90
46222,32,7.2,886
46223,8,6.1,182
46224,31,7.6,1477
46225,12,5.4,87
46226,12,5.8,251
46227,30,6.8,737
46228,1,7,12
46229,11,6.5,195
46230,5,4.8,27
46231,5,6.5,12
46232,15,6.3,545
46233,2,5.5,31
46234,0,6.6,23
46235,32,8,657
46236,17,6.5,565
46237,6,6.7,85
46239,6,6.5,93
46241,9,6,152
46242,22,5.9,386
46243,2,5,22
46244,19,6,290
46245,1,5.2,5
46246,7,4.8,92
46247,1,6.1,7
46248,12,5.7,41
46249,2,5.6,31
46250,6,5.8,72
46251,49,5.6,670
46252,4,4.8,36
46253,0,7.3,12
46255,0,4.5,2
46256,52,7.4,2301
46257,29,6.3,706
46258,41,6.7,1374
46259,10,7.2,196
46260,4,5.8,9
46261,37,7.7,1113
46262,7,6.9,78
46263,59,7.6,2827
46264,16,6.6,291
46265,45,7,1746
46266,15,5.5,303
46267,4,5,10
46268,25,6.7,395
46269,22,6.8,491
46270,13,5.3,299
46271,6,6.1,88
46272,27,6.6,507
46273,12,5.6,290
46274,4,6.2,45
46275,13,6.5,135
46276,4,5.1,83
46277,23,6.2,527
46278,1,6.4,22
46279,3,6.9,47
46280,5,5.8,48
46281,6,4.5,111
46282,11,4.5,133
46283,7,5.3,142
46284,14,4.4,180
46285,20,6.2,351
46286,6,5.7,39
46287,7,5.6,49
46288,2,5.8,32
46289,7,5.5,124
46290,3,6.1,67
46291,1,6.7,31
46292,4,5,55
46293,11,4.5,291
46294,11,6.4,119
46295,4,5.3,73
46296,7,5.5,134
46297,13,7.4,283
46298,11,6.9,240
46299,5,5.5,68
46300,6,6.2,21
46301,4,6.4,25
46302,3,4.4,49
46303,0,5.2,10
46304,8,6.3,108
46305,0,5.8,1
46306,9,6.3,204
46307,1,5.8,22
46308,5,7.1,75
46310,8,6.3,55
46311,4,6.1,86
46312,7,4,97
46313,24,7.4,418
46314,44,7.5,1480
46315,16,6.9,803
46316,9,6.9,144
46317,16,5,354
46318,7,6.8,128
46319,32,6.7,1206
46320,4,6,27
46321,32,7.7,1037
46322,17,7.2,219
46323,29,6,1102
46324,18,7.1,642
46325,0,4.7,7
46326,6,4.8,154
46327,91,7.3,4430
46328,105,8.3,3338
46329,9,6.3,352
46330,17,5.8,281
46331,10,6.7,186
46332,25,5.2,509
46333,9,6.6,258
46334,43,7.1,763
46335,11,6,210
46336,54,7.3,1701
46337,13,5.7,151
46338,12,5.7,157
46339,60,6.2,1567
46340,73,7.3,2060
46341,7,4.8,51
46342,2,7.1,29
46343,4,3.3,75
46344,6,6.1,109
46345,4,5.7,46
46346,16,5.8,308
46347,24,5.6,181
46348,37,6.7,1399
46349,95,7.6,4737
46350,27,7.3,1101
46351,2,6.6,17
46352,17,5.7,290
46353,6,6.6,96
46354,24,7.2,541
46355,6,6.2,123
46356,1,5.5,10
46357,66,8.1,2757
46358,9,6.5,66
46359,6,6.4,135
46360,4,5.7,67
46361,1,6.6,7
46362,11,5.5,135
46363,10,5.1,163
46364,5,6.1,103
46365,35,5.7,737
46366,10,6.8,207
46367,4,5.9,60
46368,17,5.4,304
46369,1,6.7,11
46370,26,5.9,498
46371,1,4.8,4
46372,12,6.5,138
46373,43,7.7,2968
46374,1,4.5,10
46375,3,6.4,60
46376,2,5.6,17
46377,10,4.6,243
46378,30,6.3,733
46379,4,5.8,45
46380,34,6.6,1257
46382,1,5.3,34
46383,19,6.4,503
46384,6,7.1,109
46385,13,6.7,137
46386,6,6.9,96
46387,35,7.5,749
46388,7,5.9,92
46389,13,7.5,323
46390,11,6,173
46391,5,6,94
46392,8,5.4,177
46393,4,8.4,11
46394,15,7.1,509
46395,34,7.7,1451
46396,22,7.6,377
46397,0,6.2,25
46398,2,7.3,31
46399,7,5.8,84
46400,26,6.3,1150
46401,6,6,94
46402,28,7,640
46404,0,6.3,30
46405,47,7.5,2005
46406,50,7.5,2542
46407,60,6.4,2296
46409,15,5.6,304
46410,6,6.9,281
46411,10,6.2,137
46412,22,7.3,675
46413,41,6.4,1648
46414,23,7,504
46415,19,7,375
46416,21,6.3,417
46417,45,6.7,1060
46418,12,6.5,168
46419,40,7.3,1514
46420,26,6.2,497
46421,64,6.6,1935
46422,3,6.2,51
46423,14,6.6,249
46424,6,4.7,158
46425,49,6.5,1564
46426,21,7.3,323
46427,20,6.6,435
46428,8,5.5,339
46429,11,5.5,281
46430,4,4.7,30
46431,11,6.3,218
46432,15,7.2,212
46433,18,7.3,383
46434,8,6.5,85
46435,74,7.6,3759
46436,18,6.9,439
46437,15,6.3,210
46438,8,5.4,25
46439,6,6.5,330
46440,29,7.4,579
46441,6,6.4,72
46442,5,6.6,101
46443,16,5.8,364
46444,64,6.1,1937
46445,4,4.3,15
46446,29,7.4,636
46447,7,6.7,94
46448,1,5.4,33
46449,16,5.6,364
46450,47,6.6,1151
46451,1,5.3,8
46452,0,5.3,11
46453,10,6.1,99
46454,14,6.1,163
46455,6,6.4,110
46456,19,6.4,377
46457,26,7.9,613
46458,3,4.6,47
46459,74,7.8,2067
46461,16,6.1,294
46462,32,6.4,933
46463,13,6.9,86
46464,5,4.9,23
46465,8,5.7,168
46466,4,5.9,43
46467,7,6,111
46468,4,5.8,78
46469,1,3,23
46470,2,5.7,16
46471,10,4.6,89
46472,8,6.6,154
46473,3,6,22
46475,1,6.8,4
46476,9,6.9,141
46477,9,6.5,225
46478,32,7.3,720
46479,2,6.4,53
46480,27,6.5,882
46481,12,6.9,206
46482,3,6.1,38
46483,4,6.9,41
46484,5,6.5,84
46485,5,6.8,107
46486,3,6.2,50
46487,2,6.1,9
46488,9,6.1,88
46489,2,5.3,22
46490,11,6.8,67
46491,1,6.5,28
46494,11,6.7,192
46497,5,6.3,59
46498,5,5.8,62
46499,25,6.9,612
46500,0,4.3,5
46501,11,6,229
46502,53,7.7,2912
46503,0,4.3,2
46504,20,6.4,407
46506,4,5.5,29
46508,45,6.9,1596
46509,126,8.1,6624
46510,56,5.7,1406
46511,12,7.4,247
46512,14,7.1,242
46513,21,6.2,821
46514,31,7.2,1486
46515,11,6.4,298
46516,19,7.3,384
46517,31,7.3,1368
46518,3,3.9,74
46519,7,6.6,217
46520,7,5.6,142
46521,38,6.7,1062
46522,33,7.5,1018
46523,15,7.3,337
46524,23,6.6,827
46525,31,6,722
46526,14,6.5,204
46527,7,7.4,158
46528,3,4.1,54
46529,7,5.9,65
46530,3,6.4,29
46531,4,5.5,57
46532,39,7.2,1213
46533,29,7.7,505
46534,4,5.8,53
46535,2,5.7,34
46536,7,6.3,139
46537,7,4.9,74
46538,16,7,334
46539,21,7.3,440
46540,6,6.6,131
46541,33,7.3,838
46542,9,5.4,60
46543,33,7.5,919
46544,3,8.2,12
46545,4,6.8,80
46546,4,5.1,75
46547,1,6.6,9
46548,36,7.2,834
46549,4,5.8,75
46550,9,5.1,153
46551,1,5.9,16
46552,4,6,33
46553,5,6.2,42
46554,3,5.6,35
46555,32,5.9,820
46556,0,7.3,6
46557,31,5.9,881
46558,8,5.7,25
46560,4,6.3,46
46561,18,5.2,302
46562,6,5.6,112
46563,86,7.9,2998
46564,56,7.3,3269
46565,12,5.8,160
46566,1,6.8,6
46567,0,8.5,2
46568,0,5.2,29
46569,3,5,16
46570,5,6.4,35
46571,25,7,766
46572,43,7.9,2811
46573,10,5.3,149
46574,33,6.1,1071
46575,10,6.5,249
46576,14,5.8,568
46577,53,6.1,1306
46578,8,5.7,418
46579,29,5.9,903
46580,14,5.6,261
46581,5,6,77
46582,17,6.7,291
46583,19,7.2,234
46584,8,6.4,198
46585,35,5.8,865
46586,26,6.5,755
46587,23,6.1,720
46588,25,6.7,454
46589,8,7,103
46590,21,6.9,459
46591,5,6.6,67
46592,36,5.9,748
46593,34,6.4,742
46594,38,5.8,1102
46595,30,5.8,816
46596,7,6,100
46597,45,6.2,983
46598,4,6.4,69
46599,10,5.4,197
46600,20,6.4,379
46601,14,6.8,823
46602,6,5.5,62
46603,12,6.2,161
46604,6,6.3,252
46605,3,6,31
46606,4,5,70
46607,9,5.3,153
46608,11,6.1,122
46609,13,6.9,291
46610,31,6.2,679
46611,16,6.9,311
46612,26,5.4,581
46613,2,5.8,36
46614,5,5,114
46615,22,5.8,441
46616,5,6.4,81
46617,2,5.2,13
46618,4,5.3,49
46619,2,6.1,27
46620,18,7.5,676
46621,26,4.7,507
46622,17,6.3,272
46623,6,6.4,34
46624,11,5.5,203
46625,3,6.3,47
46626,8,6.1,159
46627,32,6.6,864
46628,33,6,635
46629,2,6.6,50
46630,4,6,57
46631,17,7,1068
46632,4,5.6,72
46633,7,8,201
46634,3,5.4,58
46635,5,5.6,62
46636,21,6.6,406
46637,5,6.2,136
46638,1,8.1,12
46639,27,6.7,1049
46640,1,6.1,15
46641,11,5.5,75
46642,18,7.4,1050
46643,6,6.4,86
46644,28,6.8,1196
46645,5,6.2,179
46646,5,5.3,101
46647,9,6.4,137
46648,14,5.1,179
46649,9,6.8,131
46650,35,4.4,797
46651,12,5.3,145
46652,30,6.3,700
46653,10,5.9,135
46654,73,8.2,3016
46655,16,5.9,289
46656,1,5.5,2
46657,6,7.3,99
46658,15,7.7,306
46659,0,5.5,34
46660,14,6.4,334
46661,14,6.2,238
46662,0,3.8,6
46663,12,6.5,115
46664,3,4.1,10
46665,17,6.9,336
46666,16,6.6,183
46667,10,6.1,217
46668,5,6.9,73
46669,4,5.4,41
46670,4,5.7,36
46671,8,6.6,105
46672,28,7.2,1149
46673,3,6.4,25
46674,1,6.8,15
46675,8,7.3,90
46676,3,4.4,51
46677,2,6.3,24
46678,19,4.8,448
46679,0,6,2
46680,19,5.8,383
46681,4,7,54
46682,6,6.4,168
46683,3,5.4,24
46684,5,6.8,49
46685,19,6.4,365
46687,4,6.2,51
46688,16,6.5,425
46689,14,6.1,210
46690,8,6.8,37
46691,8,4.9,46
46692,10,6,190
46693,0,6.3,7
46694,4,4.8,50
46695,6,5.6,86
46697,3,5.5,62
46698,0,6.4,5
46699,5,6.5,98
46700,1,5.3,3
46701,7,5.9,131
46702,2,6.3,29
46703,1,6.4,12
46704,9,6.5,177
46705,12,6.4,169
46706,2,6,50
46707,6,6.4,139
46708,11,4.1,178
46709,0,6,5
46710,0,5.8,14
46711,2,6.2,31
46712,0,3,9
46713,1,4.8,19
46714,2,5.4,59
46715,10,4.7,44
46716,0,5.8,4
46717,5,5.1,83
46718,1,7,5
46719,3,3.9,29
46720,9,5.7,188
46721,7,5.4,130
46722,9,6.4,34
46723,6,5.6,80
46724,2,4.3,16
46725,4,6.1,35
46726,1,6.5,1
46727,2,6.4,22
46728,1,6.9,26
46729,1,4.3,9
46730,5,4,53
46731,2,6.4,6
46732,0,5,6
46734,10,4.9,119
46735,3,6.7,27
46736,19,6.4,737
46737,3,6,24
46738,9,6.4,135
46739,11,4.3,158
46740,28,6.5,531
46741,9,6.1,86
46742,17,7.5,400
46743,11,4.5,123
46744,5,4.9,34
46745,14,7,140
46746,19,7.3,406
46747,12,6.2,148
46748,3,6.2,51
46749,5,6.9,49
46750,10,5.1,74
46751,4,6,40
46752,36,7,885
46753,5,7.1,83
46754,5,7.3,66
46755,94,7.9,4470
46756,29,7.2,590
46757,17,6.3,254
46758,7,7.4,134
46759,31,6.5,562
46760,10,5.7,129
46761,7,7,118
46762,6,6.9,66
46763,3,6.8,38
46764,27,6.3,581
46765,14,7.3,235
46766,82,6.6,1954
46767,3,4.9,70
46768,18,6.6,693
46769,7,6.7,60
46770,11,6.5,201
46771,34,7.1,738
46772,4,4.8,119
46773,6,5.8,21
46774,4,7.4,71
46775,5,6.8,110
46776,1,6.3,16
46777,8,6.4,100
46778,2,6.5,95
46779,8,6,41
46780,4,6.8,78
46781,3,5.7,49
46782,2,6,17
46783,5,5.5,29
46784,5,6.1,56
46785,10,6.9,116
46787,9,6.8,79
46789,8,6,35
46790,5,5.8,214
46791,2,7,33
46792,0,4.8,14
46793,1,6.1,7
46794,7,6.8,68
46795,2,4.5,12
46796,7,7,54
46797,2,5.6,10
46798,4,5.8,75
46799,16,6.3,503
46800,3,5.2,27
46801,3,5.9,62
46802,3,7.3,40
46803,14,7.9,285
46804,18,6.3,395
46805,1,8,27
46806,6,5.6,61
46807,24,6.8,538
46808,17,6.8,274
46809,7,6.8,28
46810,11,5.6,85
46811,14,5.7,146
46812,0,6.1,14
46813,13,6.7,270
46814,3,6.8,50
46815,40,6.8,1322
46816,3,3.4,38
46817,11,5.6,175
46819,9,6.8,107
46820,14,7.7,232
46821,28,6.6,671
46822,0,7,17
46823,1,6.6,29
46824,6,7.1,154
46825,3,7.2,79
46826,7,7,63
46827,5,6.7,100
46828,1,4.3,7
46829,121,8.3,8428
46830,10,7,164
46831,89,7.6,3395
46832,2,5.1,107
46833,37,7.4,941
46834,21,6.1,321
46835,14,7.5,1686
46836,51,7.8,1522
46837,45,7.1,1777
46838,3,4.8,75
46839,26,7.2,561
46840,3,7,31
46841,2,5.7,15
46842,33,7,1261
46843,8,5.3,180
46844,37,6.1,1004
46845,4,5.6,23
46846,3,7.5,18
46847,10,7.2,189
46848,25,6.5,456
46849,14,6.4,291
46850,4,5.8,62
46851,4,6.7,81
46852,7,6.4,177
46853,13,5.2,99
46854,45,7.3,2066
46855,9,6.1,181
46856,5,6.5,42
46857,13,5.9,261
46858,1,5.7,9
46859,14,6.6,348
46860,45,6.7,2210
46861,0,3.9,5
46862,5,6.6,148
46863,11,5.7,134
46864,2,4.6,30
46865,1,4.9,11
46866,3,5.5,46
46867,5,6.9,95
46868,21,7,459
46869,7,7,97
46870,8,6.9,196
46871,8,5.7,95
46872,4,6.3,39
46873,13,6.9,672
46874,6,6.6,94
46875,1,6.9,13
46876,8,6.7,21
46877,0,4.3,4
46878,10,7.3,181
46879,35,7.3,1254
46880,7,5.9,63
46881,4,5.8,18
46882,0,4.9,8
46883,6,5.9,41
46884,1,7,3
46885,5,6.6,135
46886,1,5.2,16
46887,10,6.4,215
46888,9,5.6,144
46889,4,6.9,37
46890,3,6.3,24
46891,2,5.6,33
46892,6,5.1,41
46894,12,5.8,103
46895,0,6.1,17
46896,2,4.6,21
46898,9,7,177
46899,7,7,129
46900,11,6.4,153
46901,5,5.4,33
46902,6,5.9,31
46903,2,4.1,16
46904,19,7,350
46905,4,6.6,19
46907,3,6.6,43
46908,29,7.1,664
46909,20,5.6,453
46910,16,6.8,409
46911,4,5.7,75
46912,2,5.8,26
46913,8,6.8,142
46914,1,4.5,7
46915,1,4,26
46916,0,6.1,7
46917,14,5.7,192
46918,1,5.2,13
46919,0,7,3
46920,8,6.2,116
46921,0,5.8,2
46922,7,6.2,132
46923,1,6.4,4
46924,0,6,13
46925,24,7.7,450
46926,9,5.6,244
46927,25,7.5,841
46928,38,6.4,887
46929,16,6.7,348
46930,1,4.4,17
46931,19,7,2244
46932,4,5.5,63
46933,34,6.3,553
46934,143,8.4,5893
46935,18,6.1,302
46936,45,7.2,2904
46937,17,7.1,281
46938,35,6.1,1040
46939,11,4.9,161
46940,30,6.4,533
46941,5,6.5,69
46942,29,6.7,620
46943,4,6,56
46944,17,6.8,273
46945,17,6.8,384
46946,25,6.8,881
46947,12,6.6,269
46948,30,6.3,524
46949,6,4.9,50
46950,23,6.8,1005
46951,1,7.5,10
46952,14,4.4,216
46953,5,6.3,66
46954,16,6.6,322
46955,29,7.2,691
46956,2,6.2,17
46957,19,6,306
46958,0,4,3
46959,23,6.6,483
46960,6,6.5,100
46961,9,5.8,95
46962,8,7,139
46963,21,7.3,463
46964,14,7,201
46965,2,5.6,30
46966,12,6.5,110
46967,2,6.8,84
46968,2,3.8,18
46969,4,5.7,63
46970,2,6.7,14
46971,3,7.4,64
46972,5,6.4,76
46973,15,6.1,133
46974,0,6.4,6
46975,7,6.1,56
46976,11,6.2,81
46977,21,7.4,677
46978,1,5.8,8
46979,2,5,15
46980,2,4.5,31
46981,5,6.7,46
46982,3,6.2,16
46983,8,7.1,420
46984,9,6,208
46985,7,5.7,20
46986,0,2.7,13
46987,13,6.7,212
46988,10,5.8,212
46989,5,6.2,68
46990,1,7.7,5
46991,8,7.1,164
46992,2,5.9,29
46994,8,6,73
46995,2,6.3,8
46996,34,7.2,837
46998,5,5,85
47000,1,6.5,4
47001,14,7,251
47002,8,6.9,140
47003,26,7.4,583
47004,21,6.1,843
47005,3,6.8,27
47006,6,5.8,110
47007,2,6.3,20
47008,3,6.7,62
47009,4,6.1,73
47010,25,5.6,555
47011,21,7.9,479
47012,4,5.8,44
47014,23,7.8,504
47015,60,5.6,1517
47016,0,5.2,6
47017,17,7.4,364
47018,6,6.8,116
47019,8,6.3,16
47020,11,6.8,157
47021,2,6.2,42
47022,11,7,196
47023,11,5.1,128
47024,12,7,190
47025,1,4.1,35
47026,3,7,32
47027,40,7,875
47028,24,7,559
47029,2,8,6
47030,16,6.5,305
47031,5,6.8,45
47032,1,7,6
47033,8,7.1,119
47034,2,6,16
47035,11,7.5,200
47036,74,7.3,4128
47037,11,7.4,586
47038,13,7.2,152
47039,14,7.3,267
47040,16,6.8,392
47041,67,7.2,1581
47042,49,7.5,1205
47043,16,6.8,397
47044,24,7.4,650
47045,59,7.4,1183
47046,12,7.4,145
47047,23,7,389
47048,15,6.6,365
47049,3,6.5,10
47050,5,7.1,34
47051,64,8.1,3254
47052,12,5.5,245
47053,35,5.9,858
47054,40,7.3,1000
47055,7,6.2,37
47056,10,6.7,166
47057,24,6.9,703
47058,3,6.2,26
47059,12,4.4,91
47061,4,6.6,74
47062,6,5.9,123
47063,15,6.5,354
47064,3,5.4,32
47065,26,7.4,558
47066,8,5.2,183
47067,12,6.5,320
47068,0,8,3
47069,8,6.6,91
47070,3,6.1,44
47071,14,6.4,379
47072,5,5.5,103
47073,6,6.9,113
47074,19,6.8,372
47075,7,4.8,48
47076,26,7.1,817
47077,4,6.6,61
47078,9,5.4,77
47079,15,6.4,300
47080,5,5.5,52
47081,4,7.4,80
47082,5,6.9,29
47083,1,6.2,9
47084,6,6.6,111
47085,4,6,44
47086,1,5.7,19
47087,14,7.6,259
47088,7,6.2,94
47089,12,6.6,74
47090,2,7.2,34
47091,1,4.6,17
47092,0,4.7,12
47093,1,5.7,10
47094,6,6.2,34
47095,2,5.3,22
47096,3,5.9,10
47097,0,6.5,11
47098,6,6.3,30
47099,2,4.7,25
47100,0,8,10
47101,15,6.8,206
47102,1,5.4,29
47103,1,5.4,21
47104,10,5.6,224
47105,12,6.3,14
47106,4,5.2,73
47107,2,7.6,38
47108,18,7.1,454
47109,13,7,266
47110,6,5.5,87
47111,5,6.8,66
47112,4,4.9,18
47113,4,7.2,72
47114,2,5.5,12
47116,0,10,1
47117,22,6.2,578
47118,4,6,10
47119,3,4.2,10
47120,0,4.7,11
47121,22,6.4,489
47122,0,3.9,6
47123,28,7.9,622
47124,10,6.8,207
47125,3,6.4,71
47126,10,7.3,131
47127,33,5.9,1671
47128,19,7.4,278
47129,14,7.1,426
47130,2,6.2,47
47131,2,3.3,16
47132,20,7.5,526
47133,2,5.6,28
47134,7,6.2,73
47135,15,7.6,292
47136,5,4.8,15
47137,10,6.8,97
47139,3,5.4,31
47140,5,7.2,97
47141,1,6.2,9
47142,3,5.6,28
47143,3,4.9,57
47144,1,7.3,18
47145,20,7.1,399
47146,9,6,140
47147,1,7.3,24
47148,5,5.9,45
47149,5,7.2,102
47150,0,5.4,7
47151,48,6.5,1211
47152,42,6.3,1251
47153,53,6.8,2468
47154,14,6.1,345
47155,48,6.3,1129
47156,29,5.9,669
47157,56,4.9,983
47158,17,6.5,354
47159,9,7.5,205
47160,20,5.2,563
47161,4,6.4,42
47162,6,6.7,137
47163,16,5.1,272
47164,19,7,485
47165,9,6.8,157
47166,19,5.2,449
47167,30,7.9,719
47168,59,7.9,2886
47169,20,5.1,505
47170,60,8.1,4028
47171,35,6.3,1050
47172,18,6.9,398
47173,20,7.4,750
47174,32,7.1,688
47175,3,4.7,21
47176,3,6.8,37
47177,1,5.4,22
47178,4,6.1,38
47179,3,6.5,54
47180,15,5.9,365
47181,22,7.1,478
47182,5,6.4,14
47183,26,6.1,766
47184,7,5.4,63
47185,1,6.1,27
47186,35,7.5,1104
47187,4,6,11
47188,7,6.4,86
47189,12,4.8,191
47190,18,6.2,671
47191,62,5,1551
47192,9,5,170
47194,49,7.5,2420
47195,8,4.3,48
47196,5,6.9,77
47197,9,5.9,209
47198,8,5.8,73
47199,5,6.9,83
47200,8,5.5,67
47201,17,5,356
47202,19,6.5,255
47203,38,6.7,777
47204,6,6,97
47205,0,5.4,8
47206,14,4.3,331
47207,5,6.3,9
47208,1,6.2,28
47209,3,5.2,42
47210,3,6.2,72
47211,9,6.3,147
47212,3,6.7,77
47213,3,6.6,50
47214,2,4.9,47
47215,5,6.4,91
47216,4,6.7,89
47217,9,6.6,220
47218,6,6.5,44
47219,49,8.1,1128
47220,4,6.3,55
47221,46,7.6,1794
47222,3,5.2,18
47223,4,5.9,11
47224,7,6.8,103
47225,4,6.5,91
47226,6,6.6,60
47227,0,4.6,5
47228,8,7,294
47229,3,5.4,40
47230,9,6,208
47231,2,6,55
47232,35,7.3,1247
47233,6,5.7,15
47234,21,6.6,355
47235,10,6.9,165
47236,4,5.9,58
47237,30,6.7,683
47238,6,5.8,27
47239,1,3.9,15
47240,11,6.8,281
47241,2,5.6,45
47242,0,6,2
47243,0,6.6,14
47244,0,6.5,17
47245,19,7.3,847
47246,1,6.2,13
47247,0,6.6,4
47248,1,5.5,9
47249,3,4.7,33
47250,38,6,1360
47251,3,6.2,37
47252,0,3.8,4
47253,7,4.2,151
47254,9,7,202
47255,8,6.3,80
47256,7,5.8,65
47257,1,3.2,13
47259,10,7.4,105
47260,0,3,3
47261,1,6.1,24
47262,0,5,3
47263,10,4.5,118
47264,1,4.1,7
47265,11,6.4,131
47266,0,0,0
47268,8,4.7,102
47269,2,3.5,36
47271,5,7.1,116
47272,14,7.4,231
47273,25,6.3,458
47274,38,5.7,887
47275,3,6.2,43
47276,19,7.1,471
47277,1,6.3,25
47278,7,6.3,47
47279,8,5.5,76
47280,9,5.9,139
47281,4,7.2,65
47282,35,5.6,862
47283,0,4.8,4
47284,0,4.6,8
47285,3,7,46
47286,0,1,1
47287,6,7.3,93
47288,0,5.6,6
47289,3,5.7,60
47290,0,5.9,18
47291,15,6.5,602
47292,22,5.8,408
47293,29,6.6,632
47294,20,7,322
47295,5,6.9,89
47296,30,7.2,629
47297,15,6.9,198
47298,11,7.9,2443
47299,1,6.2,19
47300,0,6.8,6
47301,3,7,71
47302,10,5.5,121
47303,61,7.7,3452
47304,0,6.1,18
47305,0,7.7,25
47306,6,6.6,132
47307,3,6.3,30
47309,0,6.2,13
47310,8,6,157
47312,5,6.6,73
47313,7,7.7,139
47314,14,5.4,251
47315,0,5.3,2
47316,127,8.2,2919
47317,3,6.9,35
47318,7,6.7,78
47319,2,7.3,57
47320,8,8.2,68
47321,6,5.5,71
47322,6,5.7,109
47323,11,7,217
47324,7,6.5,63
47325,12,7.1,111
47327,10,5.9,140
47328,16,6.1,1000
47329,0,6.9,11
47331,8,6.9,176
47332,12,6.1,183
47333,10,4.6,116
47334,25,7.5,580
47335,45,7.3,1895
47336,35,7.8,1010
47337,8,6.6,50
47338,14,6.5,250
47339,40,5.2,593
47340,22,7.1,360
47341,2,4.8,67
47342,4,6.9,68
47343,24,4.1,1022
47344,1,6.4,22
47345,15,6.5,506
47346,29,7.1,550
47347,35,7.8,717
47349,10,4.4,203
47350,43,7.5,1971
47351,17,6.4,420
47352,2,5.3,26
47353,1,5.9,15
47354,9,6.7,89
47355,2,6.8,72
47356,7,5.5,57
47357,1,4.8,10
47358,29,7.1,633
47359,18,5.4,346
47360,11,6.3,168
47361,5,6.1,77
47362,4,5.5,69
47363,22,6.5,530
47364,19,6.7,376
47365,0,3.3,8
47366,4,6.7,46
47367,4,7.3,63
47368,3,5.4,11
47369,6,6.2,80
47370,4,6.1,67
47371,12,5.9,316
47372,7,6.6,102
47373,12,8,167
47374,1,5.1,8
47375,12,6.5,415
47376,8,5.5,58
47377,5,6.5,25
47378,2,5.2,9
47379,9,6.9,228
47380,22,6.5,338
47381,1,7,23
47382,7,6.7,27
47383,2,6,26
47384,0,5.8,6
47385,1,8.1,18
47386,21,6.6,307
47387,0,6,1
47388,0,4.5,2
47389,18,6.1,291
47390,0,4.2,5
47391,3,7.1,36
47392,12,6.2,285
47393,0,6.7,7
47394,2,6.4,31
47395,3,6.2,37
47396,8,6.2,157
47397,3,5.8,38
47399,1,7.1,20
47400,6,5.2,13
47401,8,6.1,19
47402,0,5.7,9
47403,12,4.5,118
47404,4,6.6,207
47405,1,4.1,8
47406,1,5.2,20
47407,4,4.4,21
47408,9,7.5,89
47409,17,7.7,381
47410,48,7.7,970
47411,1,6.5,18
47412,3,6.2,38
47413,1,7.3,22
47414,20,7,423
47415,0,6.7,9
47416,8,6.5,195
47417,0,6.6,17
47418,2,6,21
47419,3,6.6,66
47420,21,7.4,299
47421,17,6.8,363
47422,46,7.1,1074
47423,1,5.3,11
47424,25,7,503
47425,3,7.2,173
47426,10,5.9,129
47427,2,6.9,47
47428,7,7.4,82
47429,3,7.4,46
47430,2,6.2,35
47431,10,7.1,158
47432,50,6.3,1434
47433,0,5.4,8
47434,8,5.7,70
47435,5,6.8,81
47436,25,7.8,626
47437,3,4.8,36
47438,35,7.6,742
47439,3,5.4,43
47440,20,3.8,476
47441,0,5.4,4
47442,12,6.7,583
47443,0,5.8,9
47444,3,6.7,28
47445,6,5.6,90
47446,0,2.9,7
47447,1,5.2,10
47448,0,2,1
47449,0,0,0
47450,1,4.6,10
47451,25,7.9,419
47452,1,0,0
47453,4,3.3,19
47454,3,5.3,37
47455,3,5,11
47456,1,3.6,6
47457,5,6.5,84
47458,17,6.9,358
47459,26,6.7,524
47460,1,6.2,15
47461,11,6,127
47462,192,8.3,4254
47463,44,8.1,1814
47464,4,6.8,97
47465,6,6.8,47
47466,3,6.4,66
47467,21,7.9,927
47468,15,7.4,344
47469,1,6.7,37
47470,5,6.2,66
47471,2,4.1,9
47472,0,8,1
47473,13,6.8,174
47474,26,7.5,863
47475,11,7.4,265
47476,8,6.9,150
47477,3,6.9,101
47478,11,6.8,347
47479,8,6.1,160
47480,17,7,418
47481,47,7.2,987
47482,11,5.7,112
47483,42,8,1076
47484,63,7.8,2655
47485,1,6.3,15
47486,22,5.7,722
47487,5,7.4,54
47488,11,7.3,453
47489,6,6.9,49
47490,21,5.7,361
47491,7,6.9,156
47492,54,6,2428
47493,41,6.7,1573
47494,0,5,1
47495,16,7.6,165
47496,24,6.2,361
47497,11,5.3,106
47498,9,5.9,137
47499,11,5.7,216
47500,23,7.7,542
47501,1,4.7,25
47502,3,6.7,86
47503,22,8.1,483
47504,10,4.2,193
47505,7,6.4,120
47506,1,6.4,28
47507,14,6.6,367
47508,0,7,11
47509,2,5.3,36
47510,6,7.3,41
47511,13,7.6,155
47512,0,4.5,4
47513,5,7.3,82
47514,0,3.7,10
47515,23,7.4,568
47516,4,3.8,46
47517,5,6.3,94
47518,0,5,3
47519,1,5.8,19
47520,2,6.8,34
47521,3,6.5,59
47522,2,3.1,11
47523,3,5.7,35
47524,5,6,57
47525,23,7.4,798
47526,3,5.2,38
47527,5,5.4,39
47528,13,7.6,234
47529,6,6.4,25
47530,4,5.9,90
47531,3,6.6,94
47532,15,7.2,345
47533,2,6.9,94
47534,10,7.4,194
47535,1,6.1,4
47536,15,5.1,366
47538,3,6.5,37
47539,16,5.7,211
47540,1,5.2,17
47541,4,6.5,95
47542,1,5.8,12
47543,12,6.9,250
47544,3,5.6,67
47545,2,4,21
47546,20,5.3,444
47547,0,3.7,3
47548,1,5.2,34
47549,3,6.7,59
47550,0,6.3,2
47551,2,3.9,37
47552,0,5.8,5
47553,11,5.7,197
47554,9,6.1,15
47555,12,4.9,148
47556,0,3,5
47557,0,0,0
47558,2,5.4,32
47559,2,5.2,18
47560,12,5.3,171
47561,1,2.9,28
47562,9,5.8,136
47563,5,7.1,95
47564,0,0,0
47565,1,4.8,14
47566,1,4.6,16
47567,1,2.8,10
47568,0,6,1
47569,1,6.1,5
47570,1,6.3,22
47571,5,7.6,126
47572,3,7.3,25
47573,5,4.9,54
47575,3,4.1,52
47576,1,6.6,36
47577,4,6.6,271
47578,1,6.1,34
47579,0,4.3,12
47580,6,6.9,99
47581,39,8,808
47582,9,5.3,192
47583,67,7.4,1642
47584,36,7.7,854
47585,15,5.4,190
47586,2,7.6,44
47587,0,6.5,19
47588,11,7,59
47589,0,9.5,2
47590,1,4.9,10
47591,1,6,30
47592,0,7,3
47593,0,6,8
47594,22,7.2,609
47595,14,5.9,237
47596,13,7.1,260
47597,11,7.1,61
47598,1,5.3,22
47599,0,7.6,23
47600,19,7,308
47602,3,5.2,38
47603,36,7.8,727
47604,0,7.1,47
47605,18,5.4,516
47606,0,4.6,19
47607,14,6.8,225
47608,12,5,229
47609,18,6.3,264
47610,6,7.5,66
47611,9,7.1,95
47612,10,7.1,212
47613,30,7.1,618
47614,23,7.7,959
47615,0,6.9,8
47616,5,6.7,22
47617,2,6.8,32
47618,0,5.2,15
47619,23,6.8,450
47620,7,7.2,77
47621,25,6.8,1048
47622,9,7.2,197
47623,0,7,3
47624,0,7,1
47625,0,7.1,7
47626,0,5.5,6
47627,3,6.1,50
47628,5,6.1,61
47629,4,6,40
47630,12,6.6,441
47631,0,5,15
47632,4,4.9,63
47633,3,4.8,40
47634,4,7,11
47635,1,4.8,21
47636,27,6.3,664
47637,1,4.5,19
47638,8,7.4,363
47639,8,3.1,47
47640,0,7,4
47641,0,4.6,5
47642,0,10,1
47643,1,6.9,18
47644,0,4.7,6
47645,5,5.6,88
47646,6,6.7,93
47647,32,7.2,808
47648,0,0,0
47649,14,5.7,254
47650,12,5.1,196
47651,2,6.2,11
47652,2,6.6,48
47653,1,5.7,5
47654,0,5.8,4
47655,2,5.6,19
47656,0,3.5,5
47657,2,5.4,12
47658,2,5.7,59
47659,8,7.6,143
47660,6,6.7,125
47661,2,7,51
47662,0,0,0
47663,31,7.1,934
47664,0,4.5,4
47666,2,5.1,36
47667,0,4.1,15
47668,41,6.9,760
47669,1,5.3,39
47670,10,7,200
47671,100,6.6,1832
47672,13,6.6,215
47673,22,8,657
47674,37,7.3,957
47676,15,7.2,353
47677,11,5.2,125
47678,34,7.9,958
47679,5,6.8,77
47680,17,7.6,240
47681,1,6.5,8
47682,13,7.3,231
47683,2,6.6,24
47684,7,7.1,120
47685,14,7.6,718
47686,23,7.6,521
47687,20,6.7,339
47688,5,6.8,47
47689,20,6.8,565
47690,14,7.6,138
47691,0,4.8,6
47692,9,7,107
47693,16,7.7,286
47694,28,6.3,658
47695,18,7.2,298
47696,12,6.3,197
47697,6,5.6,92
47698,1,4.8,26
47699,7,5.9,58
47700,14,6.3,140
47701,14,7.8,291
47703,2,7.2,23
47704,18,6.8,279
47705,3,7.6,31
47706,4,6.5,77
47707,3,6.8,31
47708,1,7.1,19
47709,1,5.6,13
47710,3,4.6,19
47711,5,6.3,86
47712,6,6.1,23
47713,7,5.2,210
47714,1,5.8,36
47716,3,7.1,52
47717,2,5.9,18
47718,0,6.3,10
47719,5,5.2,32
47721,0,5,1
47722,2,5.6,13
47723,5,5.5,143
47724,1,6.4,9
47725,7,5.9,88
47726,5,6.1,96
47727,4,6.3,41
47728,6,6,333
47729,20,6.7,406
47730,5,5.4,40
47731,6,5.3,124
47732,1,6.8,16
47733,4,6.9,18
47734,13,6.1,381
47735,7,5.5,92
47736,9,5.2,84
47737,0,0,0
47738,5,6.7,165
47739,0,3.5,2
47740,0,5.8,2
47741,8,7.2,102
47742,4,4.4,27
47743,3,5.6,37
47744,5,5.7,50
47745,2,6.7,45
47746,0,6.6,8
47747,3,5.3,36
47748,1,6.3,12
47749,4,5.2,46
47750,8,6.1,24
47751,1,5.9,10
47752,1,3.9,8
47753,1,4.2,35
47754,2,4.4,24
47755,1,4.4,19
47756,6,6.7,59
47757,1,6.7,24
47758,3,5.8,49
47759,32,6.6,827
47760,8,7.4,443
47761,4,7.8,55
47762,4,5.8,12
47764,14,7.5,275
47765,3,5.8,27
47766,1,6.9,21
47767,14,5.6,328
47768,1,7.2,244
47769,14,7.6,281
47770,41,8,1442
47771,2,6.2,36
47772,12,6.8,403
47773,13,5.5,215
47774,3,5.6,9
47775,1,5.3,14
47777,0,6.4,88
47778,0,5.5,12
47779,0,6.8,9
47780,11,6.7,192
47781,0,6.9,17
47782,6,5.3,33
47783,0,0,0
47784,1,4.2,22
47785,0,5,4
47786,27,7.2,664
47787,8,6.3,152
47788,2,4.9,19
47789,2,7,28
47790,18,6.1,236
47791,6,6.4,89
47792,26,6.3,519
47793,2,5.5,39
47794,3,6,59
47795,14,7.3,221
47796,3,5.9,7
47797,3,7.2,79
47798,6,7.2,133
47799,8,7.1,61
47800,2,6,24
47801,0,6.3,3
47802,0,4.3,4
47804,3,4.6,55
47805,1,7.6,20
47806,20,7.5,372
47809,3,6.5,2
47810,5,4.4,111
47811,9,6.7,129
47812,17,6.6,363
47813,12,7.9,241
47814,13,6.8,279
47815,13,6.9,226
47816,3,5.9,48
47817,6,4.5,99
47818,11,7.3,160
47819,5,6.5,64
47820,10,7.1,166
47821,58,6.8,1737
47822,11,6.7,144
47823,8,7.4,153
47824,2,6.5,39
47825,3,6.5,43
47826,15,5.5,342
47827,5,6.1,111
47828,9,6.8,151
47829,4,6.5,48
47830,0,3,1
47831,11,6.2,251
47832,1,5.7,12
47833,0,4.5,3
47834,12,5.7,159
47835,28,8.1,856
47836,0,6.4,9
47837,7,5.9,107
47838,2,3.5,1
47839,0,6.6,8
47840,0,6,2
47841,0,6,2
47842,4,6.6,183
47843,1,6.8,16
47845,14,5.1,242
47846,10,6.5,358
47847,1,6.9,24
47848,0,6.8,6
47849,0,6,1
47850,9,6.4,13
47851,1,2.6,9
47852,0,7.4,7
47853,1,4.2,13
47854,2,3.3,52
47855,0,7.5,6
47856,80,6.9,1914
47857,0,6.8,10
47858,3,5.4,12
47859,1,5.9,18
47860,1,5.3,6
47861,8,5.2,97
47862,2,6.2,32
47863,0,0,0
47864,9,6.1,203
47865,16,7.5,1648
47866,0,0,0
47867,10,7.7,207
47868,3,6.7,51
47870,0,6.5,6
47871,0,6.1,30
47872,0,0,0
47873,0,2.8,10
47874,1,5.9,18
47875,0,2.3,4
47877,5,5,66
47878,18,7.7,336
47879,16,6,315
47880,6,7.4,112
47881,4,5.3,62
47882,0,5.9,10
47883,0,5.8,2
47884,9,6.7,79
47885,7,6.8,72
47886,4,4.1,13
47887,10,6.7,185
47888,63,7.2,2184
47889,16,6.6,362
47890,0,0,0
47892,8,6.8,57
47893,7,6.8,88
47894,6,6.9,149
47895,4,6.5,101
47896,3,6.3,24
47897,66,8,3697
47898,1,6.4,8
47899,88,8.1,2311
47900,9,7.8,165
47901,1,5.8,25
47903,0,6.8,6
47904,0,0,0
47905,20,4.1,140
47906,0,0,0
47907,1,6,11
47908,8,3.9,44
47909,2,6.8,18
47910,1,4.4,12
47912,8,6.1,20
47913,1,6.7,13
47914,1,4.2,26
47915,0,2,1
47916,10,6.2,237
47917,12,7.2,151
47918,1,6.8,15
47920,0,6.9,8
47921,0,6,9
47922,7,5.7,77
47923,40,7.3,1055
47924,0,3.1,6
47925,0,4.4,11
47926,43,7.9,1422
47927,4,6.1,90
47928,3,7,27
47929,11,6.3,177
47930,72,7.5,1791
47931,0,4.1,7
47932,2,6.1,39
47933,41,5.5,1047
47934,58,8,2535
47935,6,6.4,161
47936,48,6.9,940
47937,20,4.9,483
47938,22,6.9,449
47939,6,5.7,72
47940,6,5.6,126
47941,3,5.9,43
47942,26,6.9,890
47943,9,6.9,144
47944,13,4.6,262
47945,4,6.6,53
47946,1,5.5,21
47947,14,6.7,251
47948,3,6.2,33
47949,2,7.2,44
47950,17,5,349
47951,0,7.5,12
47952,9,6.6,179
47953,15,7.4,217
47954,1,6.8,35
47955,1,6,20
47956,15,6.7,292
47957,17,6.7,277
47958,10,6.7,187
47959,4,6.7,99
47960,5,7.4,85
47961,4,5.4,24
47962,0,6.6,7
47963,5,7.2,59
47964,3,6.3,25
47965,9,6.7,191
47966,0,6.7,7
47967,0,7.3,4
47968,0,6.1,7
47969,5,6.2,115
47970,3,5.9,30
47972,0,6.7,13
47973,16,6.4,348
47974,0,6.8,27
47975,8,6.7,160
47976,37,7.5,1063
47977,5,5.6,17
47978,8,7.5,210
47979,0,6.6,53
47980,0,4.7,3
47981,0,2.8,3
47982,0,4,1
47983,1,7.2,29
47984,1,6.4,55
47985,0,4.7,5
47986,0,3.4,6
47987,8,6,197
47988,6,6.2,135
47989,1,6.3,16
47990,0,5.2,7
47991,0,6,3
47992,9,5.5,11
47993,0,4.4,5
47994,2,6.2,20
47995,1,5.4,25
47996,1,6.6,32
47997,0,0,1
47999,0,3.3,9
48000,0,8,1
48001,3,6.2,32
48003,7,6.4,55
48004,3,4.9,23
48005,1,5.4,8
48006,0,3.5,4
48007,0,6.1,6
48008,0,5.5,3
48009,2,6.1,47
48010,0,4.5,2
48011,1,4.7,31
48012,0,4.8,11
48013,1,7.6,26
48014,0,5.7,3
48015,0,5,4
48016,0,3.2,3
48017,7,4.9,78
48018,6,5.7,117
48019,1,5.3,3
48020,0,6.6,8
48021,1,4,42
48022,3,3.5,34
48023,0,4.1,7
48024,0,6.6,28
48025,7,5.7,92
48026,8,5.5,155
48027,0,5,1
48028,0,7.4,8
48029,16,8,357
48030,5,5.3,66
48032,0,5,2
48033,25,6.8,701
48034,4,6.1,73
48035,2,7.4,23
48036,20,7.3,390
48037,10,5.8,160
48038,47,6.8,1405
48039,0,6.5,15
48040,5,6.7,56
48041,0,0,0
48042,0,5,1
48043,14,5.8,110
48044,9,6.4,163
48045,0,5.2,9
48046,3,6.5,34
48047,5,5,62
48048,0,2,1
48050,0,7,1
48051,5,6.9,103
48052,0,5.6,10
48053,3,7.8,13
48054,1,7.6,45
48056,0,7.8,3
48057,2,6.1,7
48058,5,7.3,23
48059,0,0,0
48060,1,3.7,25
48062,6,6.6,98
48063,0,5.9,8
48064,19,6.9,324
48065,1,8,6
48066,1,6.5,35
48067,25,6.8,556
48068,5,7.7,43
48069,12,6,210
48070,14,5.4,219
48071,8,7.6,127
48072,0,5.6,5
48073,3,4.5,52
48074,12,5.7,209
48075,1,3.8,4
48076,18,7.6,334
48077,9,7.7,87
48078,1,5.9,13
48079,7,6.7,31
48080,2,6.5,31
48081,0,5.5,7
48082,12,6.5,240
48083,0,0,0
48084,0,0,0
48085,1,5.2,16
48086,1,4.8,87
48087,0,6.2,5
48088,0,0,0
48089,4,5.6,63
48090,0,4.8,5
48091,2,5.3,26
48092,3,7.4,59
48093,41,6.3,1055
48094,3,7.1,66
48095,10,6.4,66
48096,0,5.5,2
48097,0,0,0
48098,0,6,2
48099,0,3,1
48100,0,5,1
48102,2,6,63
48103,1,4.8,4
48104,10,7.3,168
48105,0,0,0
48106,0,4.6,4
48107,0,6,1
48108,6,7,100
48109,0,4.2,3
48110,2,6.1,35
48111,15,5.4,315
48112,1,5.8,22
48113,2,5.7,30
48114,0,7.2,8
48115,11,7.4,210
48116,0,6.2,21
48117,0,7.3,10
48118,2,7.8,17
48119,0,7.5,4
48120,1,6.3,32
48121,0,7,2
48122,1,5.6,6
48123,0,4.8,4
48124,0,7,11
48125,8,6.9,106
48126,0,4.8,4
48127,0,4,3
48128,0,5.3,4
48129,3,6.4,26
48130,17,6,356
48131,0,7.1,17
48133,0,6.9,7
48134,1,4.7,13
48135,0,4.9,8
48136,9,5.7,251
48137,1,4.2,11
48138,1,6.2,9
48139,26,6.2,587
48140,0,4,1
48141,0,5,1
48142,2,4.5,34
48144,0,7,8
48145,0,5,2
48146,10,5.9,208
48147,0,0,0
48148,14,7.3,371
48149,1,3.5,14
48151,0,3.4,4
48152,3,6.5,49
48153,0,0,0
48154,0,5.2,3
48155,0,6,2
48156,0,0,0
48157,0,5.5,1
48158,0,5,1
48160,6,6.3,113
48161,0,4.3,4
48162,7,7.2,53
48164,4,6.2,38
48165,3,5.9,41
48166,0,0,0
48167,1,6.1,37
48169,1,7,38
48171,0,4.2,5
48172,23,6.7,554
48173,25,6.9,462
48174,47,5.9,1316
48175,3,7.2,52
48176,64,7.8,1708
48178,0,1,1
48179,1,7.5,22
48181,0,5,2
48183,38,5.8,923
48184,1,5.5,22
48185,3,6.6,51
48187,0,5.6,4
48188,11,7.8,115
48189,3,7.4,60
48190,2,6.3,22
48191,0,5,19
48192,35,7.3,894
48193,19,6,316
48194,0,5.1,8
48195,1,6.9,23
48196,5,4.9,49
48197,0,6.8,6
48198,0,4.7,3
48199,59,8.2,2078
48200,1,7.6,9
48201,11,7.7,275
48203,1,8,26
48204,1,6.2,11
48205,11,6.4,138
48206,1,6.1,16
48207,4,6.4,64
48208,0,0,0
48209,1,6.3,36
48210,0,6.4,64
48211,0,4.8,4
48212,7,7.6,127
48213,0,7.3,2
48214,0,5.5,3
48215,0,7,2
48216,0,3,1
48217,0,5.3,4
48218,1,2.8,6
48219,0,7,1
48220,6,5.9,124
48221,1,6.8,3
48222,0,0,0
48223,0,0,0
48224,0,6.2,11
48225,1,5,22
48226,2,5.7,45
48227,8,6.3,221
48228,20,6.7,433
48229,1,6.3,23
48231,3,6.5,27
48232,1,5.7,13
48233,0,5.7,16
48234,0,5,4
48236,44,6.9,1069
48237,0,5.8,9
48238,0,7.5,12
48239,5,4.9,11
48240,21,6.4,381
48242,0,5.5,2
48243,0,7,3
48244,6,4.1,75
48245,0,5.9,6
48246,5,6.9,57
48247,20,6.6,523
48248,0,4.8,3
48249,0,5.5,4
48250,0,0,0
48251,5,6.4,101
48252,0,5.7,7
48253,1,5,12
48255,1,4.2,14
48256,0,5.5,2
48257,0,0,0
48258,0,7,21
48260,0,7.7,3
48261,18,6.9,733
48262,0,0,0
48263,0,6.9,6
48264,0,5.2,10
48265,1,4.3,5
48266,2,6.7,41
48267,33,6.6,1213
48268,13,6.8,253
48269,38,7.6,883
48270,0,5.1,27
48272,0,6.5,10
48273,2,6.6,7
48274,5,6.3,31
48275,0,8,2
48276,0,8,1
48277,1,4.9,14
48278,0,5.5,2
48279,4,4.6,24
48280,3,5.8,23
48281,0,0,0
48283,3,7.8,65
48284,1,6.1,34
48285,31,7.7,687
48286,0,6.8,4
48287,4,4.6,9
48288,0,6,4
48289,0,0,0
48290,1,6.5,4
48291,0,0,0
48293,1,7.4,163
48294,6,6.1,25
48295,0,0,0
48296,0,0,0
48297,25,6.8,527
48298,0,4.6,18
48299,0,5,1
48300,8,5.5,19
48301,19,7.3,453
48302,0,4.9,4
48303,0,5.5,2
48304,2,5.8,49
48305,0,0,0
48306,8,7.5,153
48308,2,7.2,11
48309,0,6.8,6
48310,3,7.4,90
48311,0,0,0
48312,6,6.3,108
48314,12,6.5,137
48315,2,5.9,24
48316,1,7.1,20
48317,9,6.5,178
48318,0,0,0
48319,4,6.6,64
48320,18,4.9,361
48321,20,7.5,485
48322,2,5.7,19
48323,5,7.1,51
48324,0,4.9,8
48325,1,6.5,30
48326,0,0,0
48327,10,6.3,155
48328,7,7.4,203
48329,8,5.2,40
48330,0,7,2
48331,0,5,1
48332,0,7.3,6
48333,0,5.5,2
48334,0,6.4,4
48335,27,7.1,586
48336,0,6,1
48337,0,3.7,3
48338,0,3.3,3
48339,10,6.6,506
48340,0,4.5,11
48341,7,5.2,58
48342,2,4.4,32
48343,0,6.4,4
48344,0,6.7,10
48345,6,5.8,121
48346,1,6.3,23
48347,0,6,42
48348,0,6,2
48349,2,5.6,59
48350,0,5.1,6
48351,0,5,1
48352,0,8.3,3
48353,1,6.9,41
48354,0,5,1
48355,27,5.8,631
48356,0,5.7,3
48357,0,6.6,4
48358,0,6.8,2
48359,2,6.4,36
48360,0,7,1
48361,0,2,1
48362,0,3.2,8
48363,3,7.9,64
48364,0,3.5,2
48365,0,6.4,15
48366,0,0,0
48367,0,6.1,8
48368,0,0,0
48369,1,6.3,26
48370,19,7.4,755
48371,0,6,9
48372,0,6.3,8
48373,2,6.8,44
48374,0,5.5,2
48375,7,6,131
48376,3,6.4,77
48377,0,0,0
48378,0,6,1
48379,1,6.8,19
48380,3,4.7,79
48381,1,6.2,15
48382,0,0,0
48383,0,5.6,12
48384,3,4.2,13
48385,4,6.2,110
48386,1,6.7,17
48388,0,2,1
48390,0,6,2
48391,0,0,0
48392,0,6,1
48393,23,6.9,658
48394,0,7.5,2
48395,14,6.6,238
48396,0,5.9,5
48397,1,7,6
48398,0,5.7,7
48399,1,6.3,16
